Email
Business Name
Business ID
Sent Count
Status
Sent At
"danbel61@hotmail.com","ABC PLUMBING & HEATING","registry-1","1","sent","Thu Sep 25 2025 20:18:27 GMT-0700 (Pacific Daylight Time)"
"melita.allwest@hotmail.com","E.WAYNE WEBBER","registry-2","2","sent","Thu Sep 25 2025 20:18:20 GMT-0700 (Pacific Daylight Time)"
"margaretea.mertin@scotiabank.com","BANK OF NOVA SCOTIA","registry-3","1","sent","Thu Sep 25 2025 20:18:19 GMT-0700 (Pacific Daylight Time)"
"npotulicki@westlandinsurance.ca","WESTLAND INSURANCE GROUP LTD.","registry-4","1","sent","Thu Sep 25 2025 20:18:19 GMT-0700 (Pacific Daylight Time)"
"joe.doxtator2@orica.com","ORICA CANADA INC.","registry-5","1","sent","Thu Sep 25 2025 20:18:19 GMT-0700 (Pacific Daylight Time)"
"sophiafan918@gmail.com","DON DIEGO'S RESTAURANT","registry-6","1","sent","Thu Sep 25 2025 20:18:19 GMT-0700 (Pacific Daylight Time)"
"mary@child.ca","HEMAC INVESTMENTS LTD.","registry-7","1","sent","Thu Sep 25 2025 20:18:20 GMT-0700 (Pacific Daylight Time)"
"hrblockterrace@telus.net","H & R BLOCK","registry-8","1","sent","Thu Sep 25 2025 20:18:20 GMT-0700 (Pacific Daylight Time)"
"accounting@westpointrentals.ca","WEST POINT RENTALS LTD.","registry-10","1","sent","Thu Sep 25 2025 20:18:20 GMT-0700 (Pacific Daylight Time)"
"info@expressnewsconvenience.com","REST INN","registry-12","3","sent","Thu Sep 25 2025 20:18:20 GMT-0700 (Pacific Daylight Time)"
"iain.acton@bmo.com","BANK OF MONTREAL","registry-13","1","sent","Thu Sep 25 2025 20:18:21 GMT-0700 (Pacific Daylight Time)"
"csmoley@telus.net","BEUTLE MASONRY LTD.","registry-14","2","sent","Thu Sep 25 2025 20:18:21 GMT-0700 (Pacific Daylight Time)"
"steven_creelman@kaltire.com","KAL TIRE - TERRACE (677)","registry-15","1","sent","Thu Sep 25 2025 20:18:21 GMT-0700 (Pacific Daylight Time)"
"terracebavarian@gmail.com","BAVARIAN INN (TERRACE) LTD.","registry-16","2","sent","Thu Sep 25 2025 20:18:21 GMT-0700 (Pacific Daylight Time)"
"hotdesign@timecleaners.com","TIME CLEANERS LTD. SPOTLESS LAUNDRY MAT","registry-17","2","sent","Thu Sep 25 2025 20:18:21 GMT-0700 (Pacific Daylight Time)"
"admin@convoy-supply.com","CONVOY SUPPLY","registry-18","1","sent","Thu Sep 25 2025 20:18:21 GMT-0700 (Pacific Daylight Time)"
"anita@coppersidefoods.com","COPPERSIDE II","registry-19","6","sent","Thu Sep 25 2025 20:18:21 GMT-0700 (Pacific Daylight Time)"
"carolyn@bensonoptical.ca","BENSON OPTICAL LABORATORY LTD.","registry-20","2","sent","Thu Sep 25 2025 20:18:22 GMT-0700 (Pacific Daylight Time)"
"dynam10@telus.net","DYNAMIC HEALTH SERVICE","registry-21","1","sent","Thu Sep 25 2025 20:18:22 GMT-0700 (Pacific Daylight Time)"
"cochadwick@emcoltd.com","EMCO CORPORATION","registry-22","1","sent","Thu Sep 25 2025 20:18:22 GMT-0700 (Pacific Daylight Time)"
"chris.gair@finning.com","FINNING CANADA LTD.","registry-23","1","sent","Thu Sep 25 2025 20:18:22 GMT-0700 (Pacific Daylight Time)"
"daysinnliquor@gmail.com","DAYS INN TERRACE PATEL & DESAI ENTERPRISES LTD.","registry-24","2","sent","Thu Sep 25 2025 20:18:22 GMT-0700 (Pacific Daylight Time)"
"barbyyawrenko@telus.net","CHANGES A TOUCH OF VIENNA","registry-25","1","sent","Thu Sep 25 2025 20:18:22 GMT-0700 (Pacific Daylight Time)"
"info@kalumkabs.org","KALUM KABS LTD.","registry-26","1","sent","Thu Sep 25 2025 20:18:23 GMT-0700 (Pacific Daylight Time)"
"peter-gill@hotmail.com","KALUM MOTEL","registry-27","5","sent","Thu Sep 25 2025 20:18:23 GMT-0700 (Pacific Daylight Time)"
"sf4946-adm@sobeys.com","CANADA SAFEWAY #126","registry-29","2","sent","Thu Sep 25 2025 20:18:23 GMT-0700 (Pacific Daylight Time)"
"cibc.leaseadmin@bgis.com","CIBC c/o BGIS - LEASE ADMIN","registry-30","1","sent","Thu Sep 25 2025 20:18:23 GMT-0700 (Pacific Daylight Time)"
"aquaplumbing@telus.net","AQUA PLUMBING & HEATING LTD.","registry-31","1","sent","Thu Sep 25 2025 20:18:24 GMT-0700 (Pacific Daylight Time)"
"fiori.design@hotmail.com","Fiori Design","registry-32","1","sent","Thu Sep 25 2025 20:18:24 GMT-0700 (Pacific Daylight Time)"
"bertsdeli@live.com","BERTS DELICATESSEN","registry-34","2","sent","Thu Sep 25 2025 20:18:24 GMT-0700 (Pacific Daylight Time)"
"tbax@ebhorsman.com","E.B. HORSMAN & SON","registry-35","1","sent","Thu Sep 25 2025 20:18:24 GMT-0700 (Pacific Daylight Time)"
"kochfam1@gmail.com","HAIRBUSTERS","registry-36","1","sent","Thu Sep 25 2025 20:18:24 GMT-0700 (Pacific Daylight Time)"
"jmohler@tenaquip.com","TENAQUIP LIMITED","registry-37","2","sent","Thu Sep 25 2025 20:18:25 GMT-0700 (Pacific Daylight Time)"
"amin.sunderji@gmail.com","DAYS INN TERRACE","registry-38","6","sent","Thu Sep 25 2025 20:18:50 GMT-0700 (Pacific Daylight Time)"
"jadoonltd@gmail.com","WHITE SPOT TERRACE","registry-39","1","sent","Thu Sep 25 2025 20:18:25 GMT-0700 (Pacific Daylight Time)"
"coleen.taylor@igpwm.ca","IG WEALTH MANAGEMENT - C. TAYLOR & ASSOCIATES","registry-40","1","sent","Thu Sep 25 2025 20:18:25 GMT-0700 (Pacific Daylight Time)"
"terracejanitorswarehouse@gmail.com","Janitors' Warehouse","registry-41","1","sent","Thu Sep 25 2025 20:18:25 GMT-0700 (Pacific Daylight Time)"
"accounting@acadiamechanical.ca","ACADIA NORTHWEST MECHANICAL INC.","registry-42","3","sent","Thu Sep 25 2025 20:18:51 GMT-0700 (Pacific Daylight Time)"
"charityk@awgni.com","ALL WEST GLASS TERRACE LTD","registry-43","2","sent","Thu Sep 25 2025 20:18:26 GMT-0700 (Pacific Daylight Time)"
"terrace@all-west.ca","ALL WEST GLASS TERRACE LTD","registry-44","1","sent","Thu Sep 25 2025 20:18:26 GMT-0700 (Pacific Daylight Time)"
"permits@sobeys.com","CANADA SAFEWAY #126","registry-45","1","sent","Thu Sep 25 2025 20:18:26 GMT-0700 (Pacific Daylight Time)"
"marion.von.pentz@claimspro.ca","CLAIMSPRO INC","registry-46","1","sent","Thu Sep 25 2025 20:18:26 GMT-0700 (Pacific Daylight Time)"
"kalumtire@hotmail.com","KALUM TIRE SERVICE LTD.","registry-47","2","sent","Thu Sep 25 2025 20:18:26 GMT-0700 (Pacific Daylight Time)"
"rjensen@bandstra.com","BANDSTRA TRANSPORTATION SYSTEMS LTD.","registry-48","1","sent","Thu Sep 25 2025 20:18:27 GMT-0700 (Pacific Daylight Time)"
"payables@brandt.ca","BRANDT TRACTOR LTD.","registry-49","2","sent","Thu Sep 25 2025 20:18:27 GMT-0700 (Pacific Daylight Time)"
"dnoble@dlncon.com","DLN CONTRACTING LTD.","registry-51","1","sent","Thu Sep 25 2025 20:18:27 GMT-0700 (Pacific Daylight Time)"
"terracedq@gmail.com","DAIRY QUEEN (SKEENA FOOD SERVICE)","registry-52","1","sent","Thu Sep 25 2025 20:18:58 GMT-0700 (Pacific Daylight Time)"
"weblynx@telus.net","GREIG HOLDINGS LTD. INC.NO. 1228539","registry-53","1","sent","Thu Sep 25 2025 20:18:50 GMT-0700 (Pacific Daylight Time)"
"soren@coppersidefoods.com","J & F DISTRIBUTORS LTD.","registry-55","1","sent","Thu Sep 25 2025 20:18:51 GMT-0700 (Pacific Daylight Time)"
"kmarineacctng@gmail.com","NORTHSTAR RECREATION LTD. dba KEN'S MARINE","registry-56","2","sent","Thu Sep 25 2025 20:18:51 GMT-0700 (Pacific Daylight Time)"
"accounting@straightlinegmc.ca","Straightline Chevrolet Buick GMC Ltd.","registry-57","2","sent","Thu Sep 25 2025 20:18:51 GMT-0700 (Pacific Daylight Time)"
"shane.doodson@post.mcdonalds.ca","P.S.D. VENTURES LTD.","registry-58","2","sent","Thu Sep 25 2025 20:18:51 GMT-0700 (Pacific Daylight Time)"
"kitscondos@gmail.com","GOBIND ENTERPRISES LTD.","registry-60","1","sent","Thu Sep 25 2025 20:18:51 GMT-0700 (Pacific Daylight Time)"
"trevor_macandrew@saveonfoods.com","PATTISON FOOD GROUP LTD.","registry-61","2","sent","Thu Sep 25 2025 20:18:52 GMT-0700 (Pacific Daylight Time)"
"jwgpro3@hotmail.com","PRO-BUILT CONSTRUCTION","registry-62","1","sent","Thu Sep 25 2025 20:18:52 GMT-0700 (Pacific Daylight Time)"
"erik@northwestfuels.ca","PETRO CANADA","registry-63","1","sent","Thu Sep 25 2025 20:18:52 GMT-0700 (Pacific Daylight Time)"
"aaron@pendragoncomputers.com","Pendragon Computers Inc.","registry-64","1","sent","Thu Sep 25 2025 20:18:52 GMT-0700 (Pacific Daylight Time)"
"cmilligan@orkincanada.com","ORKIN CANADA CORPORATION","registry-65","1","sent","Thu Sep 25 2025 20:18:52 GMT-0700 (Pacific Daylight Time)"
"vbedwell@cedarcoastdental.ca","DROUIN HOLDINGS INC.","registry-66","3","sent","Thu Sep 25 2025 20:18:52 GMT-0700 (Pacific Daylight Time)"
"ckrebs@kdrp.com","VAN HOUTTE COFFEE SERVICES INC","registry-67","1","sent","Thu Sep 25 2025 20:18:53 GMT-0700 (Pacific Daylight Time)"
"gm_terrace@sandman.ca","SANDMAN INN (TERRACE) LTD.","registry-68","2","sent","Thu Sep 25 2025 20:18:53 GMT-0700 (Pacific Daylight Time)"
"skeenaliquor@gmail.com","SKEENA LIQUOR STORE","registry-69","1","sent","Thu Sep 25 2025 20:18:53 GMT-0700 (Pacific Daylight Time)"
"dcoulter@telus.net","SKEENA VALLEY FARMERS MARKET","registry-70","1","sent","Thu Sep 25 2025 20:18:53 GMT-0700 (Pacific Daylight Time)"
"vendor_payables@superiorpropane.com","SUPERIOR PROPANE","registry-71","2","sent","Thu Sep 25 2025 20:18:53 GMT-0700 (Pacific Daylight Time)"
"suzy.provencher@fourrivers.crs","TERRACE CO-OP (FOUR RIVERS CO-OP)","registry-72","3","sent","Thu Sep 25 2025 20:18:54 GMT-0700 (Pacific Daylight Time)"
"marcellin@telus.net","O/A MUNROE MANOR (Lakelse Development Ltd)","registry-74","1","sent","Thu Sep 25 2025 20:18:54 GMT-0700 (Pacific Daylight Time)"
"info@pvlgroup.com","PROGRESSIVE VENTURES CONSTRUCTION LTD","registry-75","1","sent","Thu Sep 25 2025 20:18:54 GMT-0700 (Pacific Daylight Time)"
"billing@pvlgroup.com","Progressive Ventures","registry-76","2","sent","Thu Sep 25 2025 20:18:54 GMT-0700 (Pacific Daylight Time)"
"pollycafeterrace@hotmail.com","POLLY'S CATERING LTD.","registry-77","1","sent","Thu Sep 25 2025 20:18:54 GMT-0700 (Pacific Daylight Time)"
"peda@peda.com","PEDAGOGUERY SOFTWARE INC.","registry-78","1","sent","Thu Sep 25 2025 20:18:55 GMT-0700 (Pacific Daylight Time)"
"dyjo@northsaveins.com","Northern Savings Insurance Services Ltd.","registry-79","1","sent","Thu Sep 25 2025 20:18:55 GMT-0700 (Pacific Daylight Time)"
"minsooca@naver.com","BEAR COUNTRY INN","registry-81","2","sent","Thu Sep 25 2025 20:18:55 GMT-0700 (Pacific Daylight Time)"
"facilities@westernfg.ca","WESTERN FINANCIAL GROUP","registry-82","1","sent","Thu Sep 25 2025 20:18:55 GMT-0700 (Pacific Daylight Time)"
"lazelleministorage22@gmail.com","LAZELLE MINI STORAGE","registry-83","1","sent","Thu Sep 25 2025 20:18:55 GMT-0700 (Pacific Daylight Time)"
"cfoster@mcelhanney.com","McElhanney Associates Land Surveying Ltd.","registry-84","2","sent","Thu Sep 25 2025 20:18:56 GMT-0700 (Pacific Daylight Time)"
"info@mistyriverbooks.com","MISTY RIVER BOOKS","registry-85","1","sent","Thu Sep 25 2025 20:18:56 GMT-0700 (Pacific Daylight Time)"
"edbjohnson@hotmail.com","COSTA-LESSA MOTEL (1997) LTD.","registry-86","2","sent","Thu Sep 25 2025 20:18:56 GMT-0700 (Pacific Daylight Time)"
"sarb.gill@loomis-express.com","6586856 CANADA INC. DBA LOOMIS EXPRESS","registry-87","1","sent","Thu Sep 25 2025 20:18:56 GMT-0700 (Pacific Daylight Time)"
"muchowski43@gmail.com","NORLAKES CONSTRUCTION","registry-88","1","sent","Thu Sep 25 2025 20:18:56 GMT-0700 (Pacific Daylight Time)"
"apeams@emilanderson.ca"," EMIL ANDERSON MAINTENANCE (SKEENA) INC.","registry-89","1","sent","Thu Sep 25 2025 20:18:56 GMT-0700 (Pacific Daylight Time)"
"morepropertymaintenance@gmail.com","0883502 BC LTD (MORE PROPERTY MAINTENANCE)","registry-90","1","sent","Thu Sep 25 2025 20:18:57 GMT-0700 (Pacific Daylight Time)"
"workorders@lifelabs.com","LIFELABS BC INC.","registry-91","1","sent","Thu Sep 25 2025 20:18:57 GMT-0700 (Pacific Daylight Time)"
"pronto@citywest.ca","PRONTO TOWING LTD.","registry-93","1","sent","Thu Sep 25 2025 20:18:57 GMT-0700 (Pacific Daylight Time)"
"odrouin14@hotmail.com","Dr. Olivier Drouin INC","registry-94","1","sent","Thu Sep 25 2025 20:18:57 GMT-0700 (Pacific Daylight Time)"
"erniedusdal@gmail.com","PARK AVENUE TRAILER COURT","registry-95","1","sent","Thu Sep 25 2025 20:18:57 GMT-0700 (Pacific Daylight Time)"
"craig.dunfield@rbc.com","ROYAL BANK OF CANADA","registry-96","1","sent","Thu Sep 25 2025 20:18:58 GMT-0700 (Pacific Daylight Time)"
"ssangha@northland.ca","DENNYS -Terrace","registry-97","1","sent","Thu Sep 25 2025 20:18:58 GMT-0700 (Pacific Daylight Time)"
"vsinjur@icloud.com","SINJUR MASONRY","registry-99","1","sent","Thu Sep 25 2025 20:18:58 GMT-0700 (Pacific Daylight Time)"
"tmeeks@bosaproperties.com","LOON PROPERTIES (SKEENA) INC","registry-100","2","sent","Thu Sep 25 2025 20:18:58 GMT-0700 (Pacific Daylight Time)"
"kelly.gingles@nationalnorth.com","SKEENA RENT-A-CAR LTD.","registry-101","1","sent","Thu Sep 25 2025 20:18:58 GMT-0700 (Pacific Daylight Time)"
"linda.mccolman@skeenasawmills.com","1355392 BC LTD.","registry-102","1","sent","Thu Sep 25 2025 20:19:09 GMT-0700 (Pacific Daylight Time)"
"dclee48@gmail.com","0909799 BC LTD","registry-103","1","sent","Thu Sep 25 2025 20:19:01 GMT-0700 (Pacific Daylight Time)"
"mkayfuneralservice@telus.net","MACKAY'S FUNERAL SERVICES LTD","registry-106","1","sent","Thu Sep 25 2025 20:19:02 GMT-0700 (Pacific Daylight Time)"
"info@normsauto.ca","NORM'S AUTO REFINISHING LTD.","registry-107","1","sent","Thu Sep 25 2025 20:19:02 GMT-0700 (Pacific Daylight Time)"
"sandy@nwcareers.ca","NORTHWEST TRAINING LTD","registry-108","1","sent","Thu Sep 25 2025 20:19:02 GMT-0700 (Pacific Daylight Time)"
"lanahull@yahoo.com","PIZZA HUT [HULL ENTERPRISES LTD.]","registry-109","1","sent","Thu Sep 25 2025 20:19:02 GMT-0700 (Pacific Daylight Time)"
"accounting@straightlinerv.ca","Straightline RV & Marine Ltd.","registry-110","2","sent","Thu Sep 25 2025 20:19:02 GMT-0700 (Pacific Daylight Time)"
"recordsadmin@png.ca","PACIFIC NORTHERN GAS","registry-111","1","sent","Thu Sep 25 2025 20:19:03 GMT-0700 (Pacific Daylight Time)"
"dgish@sterlingcrane.com","STERLING CRANE","registry-112","1","sent","Thu Sep 25 2025 20:19:03 GMT-0700 (Pacific Daylight Time)"
"rentadmin@reitmans.com","REITMANS (CANADA) LTD. #1229","registry-114","1","sent","Thu Sep 25 2025 20:19:03 GMT-0700 (Pacific Daylight Time)"
"sunsin01@shoppersdrugmart.ca","Innovis Consulting Inc. dba Shoppers Drug Mart #266","registry-115","2","sent","Thu Sep 25 2025 20:19:37 GMT-0700 (Pacific Daylight Time)"
"kaur.gurjeet1992@yahoo.com","13483487 CANADA INC.","registry-116","1","sent","Thu Sep 25 2025 20:19:03 GMT-0700 (Pacific Daylight Time)"
"russilltanner@hotmail.com","TANNER DRYWALL SYSTEMS","registry-118","1","sent","Thu Sep 25 2025 20:19:04 GMT-0700 (Pacific Daylight Time)"
"mitch@totemford.net","HERTZ SYSTEM LICENCEE","registry-119","4","sent","Thu Sep 25 2025 20:19:04 GMT-0700 (Pacific Daylight Time)"
"thermax2014@gmail.com","THERMAX INSULATORS","registry-120","1","sent","Thu Sep 25 2025 20:19:04 GMT-0700 (Pacific Daylight Time)"
"cherish.dasilva@td.com","TORONTO DOMINION BANK","registry-121","1","sent","Thu Sep 25 2025 20:19:04 GMT-0700 (Pacific Daylight Time)"
"accounting@buildingsupplies.ca","TERRACE BUILDERS CENTRE RONA","registry-122","1","sent","Thu Sep 25 2025 20:19:04 GMT-0700 (Pacific Daylight Time)"
"webbrefrigeration@telus.net","WEBB REFRIGERATION LTD.","registry-123","1","sent","Thu Sep 25 2025 20:19:04 GMT-0700 (Pacific Daylight Time)"
"rainbowinn@telus.net","RAINBOW INN MOTEL( TERRACE)LTD","registry-124","2","sent","Thu Sep 25 2025 20:19:17 GMT-0700 (Pacific Daylight Time)"
"mags.gingles01@gmail.com","KERMODE HOLDINGS LTD","registry-125","1","sent","Thu Sep 25 2025 20:19:05 GMT-0700 (Pacific Daylight Time)"
"heather.ldc@telus.net","FORGIE, DR. MARK","registry-126","2","sent","Thu Sep 25 2025 20:19:18 GMT-0700 (Pacific Daylight Time)"
"gordon_crampton@telus.net","CRAMPTON LAW OFFICE","registry-127","1","sent","Thu Sep 25 2025 20:19:05 GMT-0700 (Pacific Daylight Time)"
"lizfash@telus.net","STAR LADIES & MEN'S APPAREL LTD.","registry-128","3","sent","Thu Sep 25 2025 20:19:05 GMT-0700 (Pacific Daylight Time)"
"maria@pennerlaw.net","A.E. PENNER LAW CORPORATION","registry-131","1","sent","Thu Sep 25 2025 20:19:06 GMT-0700 (Pacific Daylight Time)"
"nt.controller@knightautomotive.ca","TERRACE CHRYSLER DODGE JEEP RAM LTD.","registry-132","2","sent","Thu Sep 25 2025 20:19:06 GMT-0700 (Pacific Daylight Time)"
"diane-robinson@outlook.com","TILLICUM THEATRES","registry-134","2","sent","Thu Sep 25 2025 20:19:06 GMT-0700 (Pacific Daylight Time)"
"royallock@citywest.ca","ROYAL MOUNTAIN LOCK & KEY","registry-135","1","sent","Thu Sep 25 2025 20:19:06 GMT-0700 (Pacific Daylight Time)"
"mary.ribeiro@chubbfs.com","CHUBB FIRE & SECURITY CANADA CORPORATION","registry-136","1","sent","Thu Sep 25 2025 20:19:07 GMT-0700 (Pacific Daylight Time)"
"admin@tricityrefrig.com","TRI-CITY REFRIGERATION INC","registry-137","1","sent","Thu Sep 25 2025 20:19:07 GMT-0700 (Pacific Daylight Time)"
"wanda@uplandskennels.ca","UPLANDS KENNELS","registry-138","1","sent","Thu Sep 25 2025 20:19:07 GMT-0700 (Pacific Daylight Time)"
"benamar_4@yahoo.fr","KERMODE JANITORIAL","registry-139","1","sent","Thu Sep 25 2025 20:19:07 GMT-0700 (Pacific Daylight Time)"
"payments@fvbs.ca","FRASER VALLEY BUILDING SUPPLIES INC","registry-140","1","sent","Thu Sep 25 2025 20:19:07 GMT-0700 (Pacific Daylight Time)"
"bciaccounting@bellmedia.ca","BELL MEDIA INC.","registry-141","1","sent","Thu Sep 25 2025 20:19:07 GMT-0700 (Pacific Daylight Time)"
"gdmartin@telus.net","MAKRA ENTERPRISES LTD","registry-142","1","sent","Thu Sep 25 2025 20:19:07 GMT-0700 (Pacific Daylight Time)"
"myleswiebe@outlook.com","WIEBE CONTRACTING LTD.","registry-143","1","sent","Thu Sep 25 2025 20:19:08 GMT-0700 (Pacific Daylight Time)"
"john@warnerbandstra.com","WARNER BANDSTRA BROWN","registry-144","1","sent","Thu Sep 25 2025 20:19:08 GMT-0700 (Pacific Daylight Time)"
"pietrall@telus.net","FUSION EYECARE DOCTORS OF OPTOMETRY","registry-145","1","sent","Thu Sep 25 2025 20:19:08 GMT-0700 (Pacific Daylight Time)"
"terracebowlingcentre@gmail.com","TERRACE BOWLING CENTER","registry-146","2","sent","Thu Sep 25 2025 20:19:17 GMT-0700 (Pacific Daylight Time)"
"gail.nelson@terusconstruction.ca","Terus Construction A Division of Colas Western Canada Inc.","registry-149","1","sent","Thu Sep 25 2025 20:19:09 GMT-0700 (Pacific Daylight Time)"
"info@terracesteel.com","TERRACE STEEL WORKS LTD.","registry-150","1","sent","Thu Sep 25 2025 20:19:09 GMT-0700 (Pacific Daylight Time)"
"terrysdrywall@telus.net","TERRY'S DRYWALL","registry-151","1","sent","Thu Sep 25 2025 20:19:09 GMT-0700 (Pacific Daylight Time)"
"trigos@telus.net","TRIGO'S FOOTWEAR","registry-153","3","sent","Thu Sep 25 2025 20:19:12 GMT-0700 (Pacific Daylight Time)"
"alt_facilities@allteck.com","ALLTECK LIMITED PARTNERSHIP","registry-154","1","sent","Thu Sep 25 2025 20:19:12 GMT-0700 (Pacific Daylight Time)"
"accounting@straightlinehonda.ca","1468211 B.C. Ltd DBA Straightline Honda","registry-155","2","sent","Thu Sep 25 2025 20:19:12 GMT-0700 (Pacific Daylight Time)"
"cmccoll@westernequipmentltd.com","WESTERN EQUIPMENT LTD.","registry-156","1","sent","Thu Sep 25 2025 20:19:13 GMT-0700 (Pacific Daylight Time)"
"office@wpm-bc.com","WESTERN PACIFIC METALWORKS LTD.","registry-157","1","sent","Thu Sep 25 2025 20:19:13 GMT-0700 (Pacific Daylight Time)"
"mary.kemmis@blackpress.ca","TERRACE STANDARD","registry-158","1","sent","Thu Sep 25 2025 20:19:13 GMT-0700 (Pacific Daylight Time)"
"kschneider@vohora.ca","VOHORA LLP","registry-160","1","sent","Thu Sep 25 2025 20:19:13 GMT-0700 (Pacific Daylight Time)"
"cullis@citywest.ca","STEVE CULLIS APPRAISALS LTD.","registry-161","1","sent","Thu Sep 25 2025 20:19:14 GMT-0700 (Pacific Daylight Time)"
"jan76hansen@gmail.com","0926500 BC LTD.","registry-163","1","sent","Thu Sep 25 2025 20:19:14 GMT-0700 (Pacific Daylight Time)"
"tony@sight-and-sound.ca","SKEENA SIGHT & SOUND LTD","registry-164","1","sent","Thu Sep 25 2025 20:19:14 GMT-0700 (Pacific Daylight Time)"
"benkondolas@telus.net","TOTEM FURNITURE & APPLIANCES ","registry-166","2","sent","Thu Sep 25 2025 20:19:14 GMT-0700 (Pacific Daylight Time)"
"homerenosterrace@gmail.com","WIL-ANN HOLDINGS INC.","registry-168","1","sent","Thu Sep 25 2025 20:19:15 GMT-0700 (Pacific Daylight Time)"
"nikky.thom@airliquide.com","AIR LIQUIDE CANADA INC.","registry-169","1","sent","Thu Sep 25 2025 20:19:15 GMT-0700 (Pacific Daylight Time)"
"wildduck@telus.net","WILD DUCK HOLDINGS LTD.","registry-170","2","sent","Thu Sep 25 2025 20:19:15 GMT-0700 (Pacific Daylight Time)"
"ap@cwct.ca","CITYWEST CABLE & TELEPHONE CORP","registry-171","1","sent","Thu Sep 25 2025 20:19:15 GMT-0700 (Pacific Daylight Time)"
"tbmoffice@irlyterrace.ca","FIRST CHOICE BUILDERS SUPPLY LTD. [TIMBERMART]","registry-172","1","sent","Thu Sep 25 2025 20:19:15 GMT-0700 (Pacific Daylight Time)"
"michael.johnson@mnp.ca","MNP LLP","registry-173","1","sent","Thu Sep 25 2025 20:19:16 GMT-0700 (Pacific Daylight Time)"
"apeae@emilanderson.ca","1243469 BC LTD. dba Emil Anderson Equipment Inc.","registry-174","1","sent","Thu Sep 25 2025 20:19:16 GMT-0700 (Pacific Daylight Time)"
"mpholz@citywest.ca","M.P.H. CONSTRUCTION","registry-175","1","sent","Thu Sep 25 2025 20:19:16 GMT-0700 (Pacific Daylight Time)"
"bjuniper@telus.net","TERRACE ACADEMY OF MUSIC","registry-176","1","sent","Thu Sep 25 2025 20:19:16 GMT-0700 (Pacific Daylight Time)"
"ssmaha@telus.net","SMAHA, SALLY","registry-181","1","sent","Thu Sep 25 2025 20:19:17 GMT-0700 (Pacific Daylight Time)"
"ap@mainlogging.com","MAIN LOGGING LTD.","registry-183","1","sent","Thu Sep 25 2025 20:19:17 GMT-0700 (Pacific Daylight Time)"
"info@studentworks.ca","3717 INVESTMENTS LTD. ","registry-186","1","sent","Thu Sep 25 2025 20:19:18 GMT-0700 (Pacific Daylight Time)"
"teresa.rodrequez@hilti.com","HILTI (CANADA) CORPORATION","registry-187","1","sent","Thu Sep 25 2025 20:19:18 GMT-0700 (Pacific Daylight Time)"
"ssrkunar@gmail.com","SONNY'S COLLECTABLES","registry-188","1","sent","Thu Sep 25 2025 20:19:18 GMT-0700 (Pacific Daylight Time)"
"ap@coralcanadawide.com","Coral Canada Wide Ltd.","registry-190","1","sent","Thu Sep 25 2025 20:19:19 GMT-0700 (Pacific Daylight Time)"
"da0372@telus.net","ANWEILER ENTERPRISES LTD.","registry-191","1","sent","Thu Sep 25 2025 20:19:19 GMT-0700 (Pacific Daylight Time)"
"dave.dayent@gmail.com","DAY ENTERPRISES","registry-192","1","sent","Thu Sep 25 2025 20:19:19 GMT-0700 (Pacific Daylight Time)"
"momack@citywest.ca","MOMACK HOLDINGS LTD.","registry-193","1","sent","Thu Sep 25 2025 20:19:19 GMT-0700 (Pacific Daylight Time)"
"shauna@silvertipinc.ca","1145862 BC LTD DBA SILVERTIP PROMOTIONS","registry-194","1","sent","Thu Sep 25 2025 20:19:19 GMT-0700 (Pacific Daylight Time)"
"ap@mcmurraygroup.ca","A & W RESTAURANT & DRIVE THRU(C.STEWART ENTERPRISES)","registry-195","1","sent","Thu Sep 25 2025 20:19:20 GMT-0700 (Pacific Daylight Time)"
"ahampton@peterbilt.bc.ca","PETERBILT PACIFIC INC.","registry-196","2","sent","Thu Sep 25 2025 20:19:20 GMT-0700 (Pacific Daylight Time)"
"info@wildbike.ca","KC CYCLE LTD. dba Wild Bike","registry-197","1","sent","Thu Sep 25 2025 20:19:20 GMT-0700 (Pacific Daylight Time)"
"bobprice5227@gmail.com","R & A PRICE LEASING","registry-198","1","sent","Thu Sep 25 2025 20:19:20 GMT-0700 (Pacific Daylight Time)"
"andrea@cartersjewellers.com","CARTERS JEWELLERS","registry-200","2","sent","Thu Sep 25 2025 20:19:41 GMT-0700 (Pacific Daylight Time)"
"kristie@pngi.ca","THE PROVINCIAL NETWORKING GROUP Inc.","registry-201","1","sent","Thu Sep 25 2025 20:19:21 GMT-0700 (Pacific Daylight Time)"
"ca-accountspayable@amplifon.com","Miracle-Ear Canada dba Amplifon","registry-202","1","sent","Thu Sep 25 2025 20:19:25 GMT-0700 (Pacific Daylight Time)"
"bkcampbell66@yahoo.ca","COOPER'S USED AUTO PARTS LTD. (dba STEELHEAD TRANSPORT & TOWING LTD.)","registry-203","1","sent","Thu Sep 25 2025 20:19:16 GMT-0700 (Pacific Daylight Time)"
"mcanning@cokecanada.com","COCA COLA CANADA BOTTLING LIMITED","registry-204","1","sent","Thu Sep 25 2025 20:19:16 GMT-0700 (Pacific Daylight Time)"
"tak28@telus.net","TAKHAR, HRINDER","registry-205","1","sent","Thu Sep 25 2025 20:19:16 GMT-0700 (Pacific Daylight Time)"
"jbennett@vohora.ca","J.L.'S EXCAVATING LTD","registry-206","2","sent","Thu Sep 25 2025 20:20:03 GMT-0700 (Pacific Daylight Time)"
"gabriel.deponte@finning.com","FINNING CANADA LTD.","registry-207","1","sent","Thu Sep 25 2025 20:19:17 GMT-0700 (Pacific Daylight Time)"
"sheilalove@remax.net","RE/MAX COAST MOUNTAINS (TERRACE)","registry-210","1","sent","Thu Sep 25 2025 20:19:17 GMT-0700 (Pacific Daylight Time)"
"accounting@neidenterprises.com","Neid Enterprises","registry-211","2","sent","Thu Sep 25 2025 20:19:18 GMT-0700 (Pacific Daylight Time)"
"gerry@comic-encounters.com","COMIC ENCOUNTERS","registry-212","1","sent","Thu Sep 25 2025 20:19:18 GMT-0700 (Pacific Daylight Time)"
"frontlineint@hotmail.com","FRONTLINE INSTALLATIONS","registry-213","1","sent","Thu Sep 25 2025 20:19:18 GMT-0700 (Pacific Daylight Time)"
"office@terraceredimix.com","TERRACE REDI-MIX LTD","registry-214","1","sent","Thu Sep 25 2025 20:19:18 GMT-0700 (Pacific Daylight Time)"
"tattoous@telus.net","RICH WITH COLOR TATTOO STUDIO","registry-215","1","sent","Thu Sep 25 2025 20:19:18 GMT-0700 (Pacific Daylight Time)"
"earlhovland@gmail.com","TRI-AN CONTRACTING LTD.","registry-216","1","sent","Thu Sep 25 2025 20:19:18 GMT-0700 (Pacific Daylight Time)"
"admin@kleanzaconstruction.ca","KLEANZA CONSTRUCTION LTD","registry-217","1","sent","Thu Sep 25 2025 20:19:19 GMT-0700 (Pacific Daylight Time)"
"scsmith29@hotmail.ca","S N T MINI STORAGE","registry-218","3","sent","Thu Sep 25 2025 20:19:19 GMT-0700 (Pacific Daylight Time)"
"matthew.raposo@andritz.com","Andritz Automation Ltd.","registry-219","1","sent","Thu Sep 25 2025 20:19:19 GMT-0700 (Pacific Daylight Time)"
"fraser.millan@purolator.com","PUROLATOR INC.","registry-220","1","sent","Thu Sep 25 2025 20:19:19 GMT-0700 (Pacific Daylight Time)"
"ginny@allstarshoes.ca","ALL STAR SHOES & APPAREL","registry-221","1","sent","Thu Sep 25 2025 20:19:19 GMT-0700 (Pacific Daylight Time)"
"skeena02@telus.net","SKEENA CONCRETE PRODUCTS LTD","registry-222","1","sent","Thu Sep 25 2025 20:19:19 GMT-0700 (Pacific Daylight Time)"
"2simple@citywest.ca","AQUA CLEAR BOTTLERS","registry-227","1","sent","Thu Sep 25 2025 20:19:20 GMT-0700 (Pacific Daylight Time)"
"kieran@daybreakfarms.ca","DAYBREAK FARMS LTD.","registry-228","1","sent","Thu Sep 25 2025 20:19:20 GMT-0700 (Pacific Daylight Time)"
"moto860ter@citywest.ca","537326 B.C. LTD. dba TERRA BOBCAT SERVICES","registry-229","1","sent","Thu Sep 25 2025 20:19:21 GMT-0700 (Pacific Daylight Time)"
"snapsexton@gmail.com","KIDS AT PLAY","registry-230","2","sent","Thu Sep 25 2025 20:19:21 GMT-0700 (Pacific Daylight Time)"
"gopher@citywest.ca","GOPHER MINI SERVICES","registry-231","1","sent","Thu Sep 25 2025 20:19:21 GMT-0700 (Pacific Daylight Time)"
"4sparkes@citywest.ca","SIDEWALKERS UNIQUE FASHIONS LIMITED","registry-232","1","sent","Thu Sep 25 2025 20:19:21 GMT-0700 (Pacific Daylight Time)"
"aaron@northcoastequipment.ca","NORTH COAST EQUIPMENT","registry-233","1","sent","Thu Sep 25 2025 20:19:21 GMT-0700 (Pacific Daylight Time)"
"nchf@telus.net","NORTHCOAST EXERCISE THERAPY & REHABILITATION CENTRE","registry-234","1","sent","Thu Sep 25 2025 20:19:22 GMT-0700 (Pacific Daylight Time)"
"skeenawilderness@telus.net","SKEENA WILDERNESS FISHING CHARTERS LTD.","registry-235","1","sent","Thu Sep 25 2025 20:19:22 GMT-0700 (Pacific Daylight Time)"
"jbennett@cypressfc.ca","CYPRESS FOREST CONSULTING LTD.","registry-236","1","sent","Thu Sep 25 2025 20:19:22 GMT-0700 (Pacific Daylight Time)"
"aplease@connecthearing.ca","CONNECT HEARING","registry-237","1","sent","Thu Sep 25 2025 20:19:22 GMT-0700 (Pacific Daylight Time)"
"parcadi3@gmail.com","PRIMERICA FINANCIAL SERVICES","registry-238","1","sent","Thu Sep 25 2025 20:19:22 GMT-0700 (Pacific Daylight Time)"
"watsonaccounting1195@citywest.ca","WATSON ACCOUNTING","registry-239","1","sent","Thu Sep 25 2025 20:19:22 GMT-0700 (Pacific Daylight Time)"
"penner0745@gmail.com","SILVER PINE CONTRACTING","registry-240","1","sent","Thu Sep 25 2025 20:19:23 GMT-0700 (Pacific Daylight Time)"
"gracemakowski@northsave.com","NORTHERN SAVINGS CREDIT UNION","registry-241","1","sent","Thu Sep 25 2025 20:19:23 GMT-0700 (Pacific Daylight Time)"
"sandpipersterrace@yahoo.com","SANDPIPERS BOUTIQUE INC.","registry-242","1","sent","Thu Sep 25 2025 20:19:23 GMT-0700 (Pacific Daylight Time)"
"sherry@sherryanderson.ca","SHERRY ANDERSON NOTARY PUBLIC","registry-243","1","sent","Thu Sep 25 2025 20:19:23 GMT-0700 (Pacific Daylight Time)"
"contact@hydramist.com","HYDRA MIST CARPET CLEANING","registry-244","1","sent","Thu Sep 25 2025 20:19:23 GMT-0700 (Pacific Daylight Time)"
"izrus@me.com","DR. THOMAS NAGY INC.","registry-245","1","sent","Thu Sep 25 2025 20:19:23 GMT-0700 (Pacific Daylight Time)"
"aslanina@telus.net","DR. M. DEBRUIN","registry-246","1","sent","Thu Sep 25 2025 20:19:24 GMT-0700 (Pacific Daylight Time)"
"megs2611@hotmail.com","OLSON, KELLY GORDON AND GUSTAFSON, MEAGHAN","registry-247","1","sent","Thu Sep 25 2025 20:19:24 GMT-0700 (Pacific Daylight Time)"
"jasvinder_lillian@hotmail.com","LILLIAN, JASVINDER SINGH AND LILLIAN, KULWANT KAUR","registry-248","1","sent","Thu Sep 25 2025 20:19:24 GMT-0700 (Pacific Daylight Time)"
"jhvv@citywest.ca","JOHN V CONSTRUCTION","registry-249","1","sent","Thu Sep 25 2025 20:19:24 GMT-0700 (Pacific Daylight Time)"
"steele4791@gmail.com","R.Steele Contracting INC","registry-250","1","sent","Thu Sep 25 2025 20:19:24 GMT-0700 (Pacific Daylight Time)"
"horseygirl25@yahoo.ca","SKEENA ROOFING","registry-251","1","sent","Thu Sep 25 2025 20:19:24 GMT-0700 (Pacific Daylight Time)"
"doubleddrilling@gmail.com","Double D Drilling LTD","registry-252","1","sent","Thu Sep 25 2025 20:19:32 GMT-0700 (Pacific Daylight Time)"
"edwarda@horizonterrace.ca","HORIZON DENTAL","registry-253","1","sent","Thu Sep 25 2025 20:19:24 GMT-0700 (Pacific Daylight Time)"
"peter1962tina@gmail.com","BRUCE ENTERPRISES","registry-254","1","sent","Thu Sep 25 2025 20:19:24 GMT-0700 (Pacific Daylight Time)"
"mannylima19@gmail.com","TRIPLLLEEFFECT (LLL TINTING)","registry-255","1","sent","Thu Sep 25 2025 20:19:24 GMT-0700 (Pacific Daylight Time)"
"howardobrien2019@outlook.com","H. O'BRIEN CONTRACTING LTD.","registry-256","1","sent","Thu Sep 25 2025 20:19:24 GMT-0700 (Pacific Daylight Time)"
"carl.forman@yhl.ca","YELLOWHEAD HELICOPTERS LTD.","registry-257","1","sent","Thu Sep 25 2025 20:19:24 GMT-0700 (Pacific Daylight Time)"
"lkfree@telus.net","ALPINE TRANSPORTATION INC.","registry-258","1","sent","Thu Sep 25 2025 20:19:24 GMT-0700 (Pacific Daylight Time)"
"invoicewest@cantire.com","MARK'S WORK WEARHOUSE LTD.","registry-259","1","sent","Thu Sep 25 2025 20:19:25 GMT-0700 (Pacific Daylight Time)"
"vancs.billing@garda.com","GARDA WORLD CASH SERVICES CANADA CORP","registry-260","1","sent","Thu Sep 25 2025 20:19:25 GMT-0700 (Pacific Daylight Time)"
"kermodeivet@citywest.ca","KERMODEI VETERINARY HOSPITAL","registry-261","1","sent","Thu Sep 25 2025 20:19:25 GMT-0700 (Pacific Daylight Time)"
"rosscos@telus.net","ROSSCO VENTURES LTD.","registry-262","1","sent","Thu Sep 25 2025 20:19:25 GMT-0700 (Pacific Daylight Time)"
"randy.friesen@citywest.ca","R.TESS CONTRACTING","registry-264","1","sent","Thu Sep 25 2025 20:19:25 GMT-0700 (Pacific Daylight Time)"
"joann@canasteel.com","CANASTEEL REBAR SERVICES CORP","registry-265","1","sent","Thu Sep 25 2025 20:19:25 GMT-0700 (Pacific Daylight Time)"
"ibath@telus.net","K&P BATH LTDdba SHEFIELD EXPRESS #4","registry-266","3","sent","Thu Sep 25 2025 20:19:26 GMT-0700 (Pacific Daylight Time)"
"twilight@telus.net","TWILIGHT SPAS & PUMP SUPPLY","registry-267","1","sent","Thu Sep 25 2025 20:19:26 GMT-0700 (Pacific Daylight Time)"
"jspearing@hotmail.com","LITTLE TREES REFORESTATION INC.","registry-268","2","sent","Thu Sep 25 2025 20:19:53 GMT-0700 (Pacific Daylight Time)"
"paul.ebeling@abcrecycling.com","ABC RECYCLING (TERRACE) LTD","registry-269","1","sent","Thu Sep 25 2025 20:19:26 GMT-0700 (Pacific Daylight Time)"
"bpfugere@hotmail.com","KALUM PLUMBING & HEATING","registry-270","1","sent","Thu Sep 25 2025 20:19:26 GMT-0700 (Pacific Daylight Time)"
"tkeenan@citywest.ca","Noteworthy Piano Service","registry-271","1","sent","Thu Sep 25 2025 20:19:26 GMT-0700 (Pacific Daylight Time)"
"viva@citywest.ca","VIVA HOLISTIC HEALING","registry-272","1","sent","Thu Sep 25 2025 20:19:27 GMT-0700 (Pacific Daylight Time)"
"crsears@suncor.com","SUNCOR ENERGY PRODUCTS PARTNERSHIP","registry-274","1","sent","Thu Sep 25 2025 20:19:27 GMT-0700 (Pacific Daylight Time)"
"creazone@telus.net","THE CREATIVE ZONE","registry-276","1","sent","Thu Sep 25 2025 20:19:27 GMT-0700 (Pacific Daylight Time)"
"nino22@telus.net","NINO'S ARC & SPARK CONTRACTING LTD.","registry-278","1","sent","Thu Sep 25 2025 20:19:28 GMT-0700 (Pacific Daylight Time)"
"accountspayable@triton-env.com","TRITON ENVIRONMENTAL CONSULTANTS LTD.","registry-279","1","sent","Thu Sep 25 2025 20:19:28 GMT-0700 (Pacific Daylight Time)"
"lavoie03@telus.net","TERRACE BAKERY DISTRIBUTION","registry-280","2","sent","Thu Sep 25 2025 20:19:28 GMT-0700 (Pacific Daylight Time)"
"manager@parkavemedical.ca","DR. GREG LINTON","registry-281","6","sent","Thu Sep 25 2025 20:19:31 GMT-0700 (Pacific Daylight Time)"
"accounts@jroverheaddoors.ca","JR OVERHEAD DOORS (2006) LTD.","registry-282","1","sent","Thu Sep 25 2025 20:19:28 GMT-0700 (Pacific Daylight Time)"
"nwmt@citywest.ca","STRICTLY FLAGGING TRAINING AGENCY","registry-283","1","sent","Thu Sep 25 2025 20:19:28 GMT-0700 (Pacific Daylight Time)"
"ccameron@budgetterrace.ca","TERRACE MOTORS LTD. dba BUDGET RENT A CAR ","registry-284","1","sent","Thu Sep 25 2025 20:19:28 GMT-0700 (Pacific Daylight Time)"
"nelson@idealos.ca","IDEAL OFFICE SOLUTIONS LTD.","registry-285","1","sent","Thu Sep 25 2025 20:19:29 GMT-0700 (Pacific Daylight Time)"
"mon06728@loblaw.ca","REAL CANADIAN WHOLESALE CLUB (TERRACE)","registry-286","1","sent","Thu Sep 25 2025 20:19:29 GMT-0700 (Pacific Daylight Time)"
"coutotheresa@gmail.com","VLC HOLDINGS LTD.","registry-288","2","sent","Thu Sep 25 2025 20:19:29 GMT-0700 (Pacific Daylight Time)"
"shelley.orford@thetire.ca","ORFORD RETAIL SALES LTD. dba CANADIAN TIRE #486","registry-289","2","sent","Thu Sep 25 2025 20:19:29 GMT-0700 (Pacific Daylight Time)"
"andrew@technicon-ind.com","TECHNICON INDUSTRIES LTD","registry-290","1","sent","Thu Sep 25 2025 20:19:30 GMT-0700 (Pacific Daylight Time)"
"admin@terracerewind.ca","TERRACE REWIND LTD.","registry-291","1","sent","Thu Sep 25 2025 20:19:30 GMT-0700 (Pacific Daylight Time)"
"ablix@citywest.ca","BLIX CONSULTING","registry-292","1","sent","Thu Sep 25 2025 20:19:30 GMT-0700 (Pacific Daylight Time)"
"a_icemann@hotmail.com","MANN ENTERPRISES","registry-293","1","sent","Thu Sep 25 2025 20:19:30 GMT-0700 (Pacific Daylight Time)"
"mwill@wm.com","WASTE MANAGEMENT OF CANADA CORPORATION","registry-294","1","sent","Thu Sep 25 2025 20:19:30 GMT-0700 (Pacific Daylight Time)"
"luckygardenterrace@gmail.com","LUCKY GARDEN RESTAURANT","registry-295","1","sent","Thu Sep 25 2025 20:19:31 GMT-0700 (Pacific Daylight Time)"
"bud111@telus.net","JEDSS ENT. LTD. dba SUBWAY","registry-296","1","sent","Thu Sep 25 2025 20:19:31 GMT-0700 (Pacific Daylight Time)"
"asullivan@bearcreekgroup.ca","BEAR CREEK CONSTRUCTION LTD.","registry-297","2","sent","Thu Sep 25 2025 20:19:31 GMT-0700 (Pacific Daylight Time)"
"rons@vikingconstruction.ca","VIKING CONSTRUCTION LTD.","registry-298","1","sent","Thu Sep 25 2025 20:19:31 GMT-0700 (Pacific Daylight Time)"
"gloria@soundinvest.ca","SOUND INVESTMENTS LTD","registry-299","1","sent","Thu Sep 25 2025 20:19:31 GMT-0700 (Pacific Daylight Time)"
"lwittkowski2012@gmail.com","WITTKOWSKI, LUDWIG","registry-301","1","sent","Thu Sep 25 2025 20:19:32 GMT-0700 (Pacific Daylight Time)"
"johnmcalarey@gmail.com","COMPLETE DENTURE CENTRE","registry-302","1","sent","Thu Sep 25 2025 20:19:32 GMT-0700 (Pacific Daylight Time)"
"clean.waylor@gmail.com","WAYLOR INDUSTRIES LTD.","registry-303","1","sent","Thu Sep 25 2025 20:19:37 GMT-0700 (Pacific Daylight Time)"
"terrace_sunflower@hotmail.com","TERRACE SUNFLOWER CHILD CARE CENTRE","registry-304","1","sent","Thu Sep 25 2025 20:19:28 GMT-0700 (Pacific Daylight Time)"
"info@cedarriverphysio.ca","CEDAR RIVER PHYSIOTHERAPY CORP.","registry-306","1","sent","Thu Sep 25 2025 20:19:29 GMT-0700 (Pacific Daylight Time)"
"macj@fins-consulting.ca","FINS CONSULTING","registry-307","1","sent","Thu Sep 25 2025 20:19:29 GMT-0700 (Pacific Daylight Time)"
"brenda.goertzen@fairstone.ca","FAIRSTONE FINANCIAL INC.","registry-308","1","sent","Thu Sep 25 2025 20:19:29 GMT-0700 (Pacific Daylight Time)"
"bmac01@telus.net","KERF CONSTRUCTION LTD.","registry-309","1","sent","Thu Sep 25 2025 20:19:29 GMT-0700 (Pacific Daylight Time)"
"djephson@me.com","DDDKC HOLDINGS LTD.","registry-311","1","sent","Thu Sep 25 2025 20:19:30 GMT-0700 (Pacific Daylight Time)"
"ap@artisticsignservice.com","ARTISTIC SIGN SERVICE LTD.","registry-312","1","sent","Thu Sep 25 2025 20:19:30 GMT-0700 (Pacific Daylight Time)"
"jdozzi@citywest.ca","GROOMIN' TAILS BY JAN","registry-313","1","sent","Thu Sep 25 2025 20:19:30 GMT-0700 (Pacific Daylight Time)"
"trewalds@hotmail.com","EWALD CABINETS AND RENOVATIONS Ltd ","registry-314","1","sent","Thu Sep 25 2025 20:19:30 GMT-0700 (Pacific Daylight Time)"
"ronpresby@gmail.com","RON J.P.","registry-315","1","sent","Thu Sep 25 2025 20:19:30 GMT-0700 (Pacific Daylight Time)"
"finance@tcsinfo.ca","THOMPSON COMMUNITY SERVICES INC","registry-317","4","sent","Thu Sep 25 2025 20:19:31 GMT-0700 (Pacific Daylight Time)"
"russell_yellowhead@telus.net","YELLOWHEAD PAVEMENT MARKING INC","registry-319","1","sent","Thu Sep 25 2025 20:19:31 GMT-0700 (Pacific Daylight Time)"
"joesandhu123@hotmail.com","CARDINAL BUILDING MAINTENANCE SERVICES LTD.","registry-320","1","sent","Thu Sep 25 2025 20:19:31 GMT-0700 (Pacific Daylight Time)"
"bootauppal11@gmail.com","UPPAL APPLIANCES & MATTRESSES LTD.","registry-321","1","sent","Thu Sep 25 2025 20:19:31 GMT-0700 (Pacific Daylight Time)"
"crglasswork1@gmail.com","RED RAVEN GALLERY","registry-322","1","sent","Thu Sep 25 2025 20:19:32 GMT-0700 (Pacific Daylight Time)"
"accountinguplandsnursery@yahoo.com","UPLANDS NURSERY","registry-323","1","sent","Thu Sep 25 2025 20:19:32 GMT-0700 (Pacific Daylight Time)"
"trfladhamer@hotmail.com","TERRACE BUSINESS RESOURCE CENTRE","registry-324","1","sent","Thu Sep 25 2025 20:19:32 GMT-0700 (Pacific Daylight Time)"
"ssweb@telus.net","Ground Level Works","registry-325","1","sent","Thu Sep 25 2025 20:19:32 GMT-0700 (Pacific Daylight Time)"
"dafisher@napacanada.com","UAP INC.","registry-326","1","sent","Thu Sep 25 2025 20:19:32 GMT-0700 (Pacific Daylight Time)"
"ap-canada@olddutchfoods.com","OLD DUTCH FOODS LTD.","registry-327","1","sent","Thu Sep 25 2025 20:19:32 GMT-0700 (Pacific Daylight Time)"
"candace.aspa@fountaintire.com","FOUNTAIN TIRE","registry-328","1","sent","Thu Sep 25 2025 20:19:32 GMT-0700 (Pacific Daylight Time)"
"kermodeifuels@citywest.ca","KERMODEI FUEL SERVICES LTD","registry-329","1","sent","Thu Sep 25 2025 20:19:33 GMT-0700 (Pacific Daylight Time)"
"nyent@westcan-acs.com","WESTCAN ADVANCED COMMUNICATIONS SOLUTIONS","registry-332","1","sent","Thu Sep 25 2025 20:19:33 GMT-0700 (Pacific Daylight Time)"
"accountspayable@warehouseone.com","WAREHOUSE ONE - THE JEAN STORE","registry-333","1","sent","Thu Sep 25 2025 20:19:33 GMT-0700 (Pacific Daylight Time)"
"kim.lovemclendon@mfsg.com","MONEY MART","registry-334","1","sent","Thu Sep 25 2025 20:19:33 GMT-0700 (Pacific Daylight Time)"
"iangordon955@gmail.com","TIDAL WAVE CONSTRUCTION","registry-335","1","sent","Thu Sep 25 2025 20:19:34 GMT-0700 (Pacific Daylight Time)"
"admin@mastersweeper.ca","MASTER SWEEPER LTD.","registry-336","1","sent","Thu Sep 25 2025 20:19:34 GMT-0700 (Pacific Daylight Time)"
"hotfood@telus.net","HOTHOUSE RESTAURANT LTD","registry-338","1","sent","Thu Sep 25 2025 20:19:34 GMT-0700 (Pacific Daylight Time)"
"galaxycards@citywest.ca","GALAXY SPORTSCARDS AND CREATIVE COLLECTABLES","registry-339","1","sent","Thu Sep 25 2025 20:19:34 GMT-0700 (Pacific Daylight Time)"
"apbc@westcana.com","WESTCANA ELECTRIC INC.","registry-340","1","sent","Thu Sep 25 2025 20:19:34 GMT-0700 (Pacific Daylight Time)"
"jgraveness@inland-group.com","INLAND TRUCK & EQUIPMENT LTD.","registry-341","1","sent","Thu Sep 25 2025 20:19:35 GMT-0700 (Pacific Daylight Time)"
"jimknox@magellandigitalmapping.ca","MAGELLAN DIGITAL MAPPING","registry-342","1","sent","Thu Sep 25 2025 20:19:35 GMT-0700 (Pacific Daylight Time)"
"mtmacedo@live.com","M & A MACEDO","registry-343","1","sent","Thu Sep 25 2025 20:19:35 GMT-0700 (Pacific Daylight Time)"
"ucallitdelivery@hotmail.com","U CALL IT PICK UP & DELIVERY","registry-344","1","sent","Thu Sep 25 2025 20:19:35 GMT-0700 (Pacific Daylight Time)"
"eldon1015@yahoo.com","KNIGHT CHIROPRACTIC INC","registry-345","1","sent","Thu Sep 25 2025 20:19:35 GMT-0700 (Pacific Daylight Time)"
"rothlaw@telus.net","A. ROTH LAW CORPORATION","registry-346","1","sent","Thu Sep 25 2025 20:19:36 GMT-0700 (Pacific Daylight Time)"
"gena.robello@soulfoodsgroup.com","KFC/TACO BELL #1877","registry-347","1","sent","Thu Sep 25 2025 20:19:36 GMT-0700 (Pacific Daylight Time)"
"calicensesandpermits@walmart.com","Walmart Supercentre #5834","registry-348","3","sent","Thu Sep 25 2025 20:19:36 GMT-0700 (Pacific Daylight Time)"
"t.montaguecontracting@gmail.com","T.Montague Contracting Ltd.","registry-350","1","sent","Thu Sep 25 2025 20:19:36 GMT-0700 (Pacific Daylight Time)"
"terrace@libtaxbc.com","LIBERTY TAX SERVICE INC.","registry-351","1","sent","Thu Sep 25 2025 20:19:36 GMT-0700 (Pacific Daylight Time)"
"bdpritchard@telus.net","PRITCHARD: DIANE","registry-352","1","sent","Thu Sep 25 2025 20:19:37 GMT-0700 (Pacific Daylight Time)"
"terraceinnliquor@gmail.com","TERRACE INN LIQUOR STORE","registry-353","2","sent","Thu Sep 25 2025 20:19:52 GMT-0700 (Pacific Daylight Time)"
"mikemaylong@gmail.com","POLLY'S INVESTMENTS LTD.","registry-354","1","sent","Thu Sep 25 2025 20:19:35 GMT-0700 (Pacific Daylight Time)"
"daughertyshenise@gmail.com","GRAND OL'E BARBER SHOP","registry-355","1","sent","Thu Sep 25 2025 20:19:35 GMT-0700 (Pacific Daylight Time)"
"payables@sis-bc.ca","SKEENA GLASS LTD DBA SPEEDY GLASS","registry-356","2","sent","Thu Sep 25 2025 20:19:35 GMT-0700 (Pacific Daylight Time)"
"tr.admin@allnorth.com","ALLNORTH CONSULTANTS LIMITED","registry-357","1","sent","Thu Sep 25 2025 20:19:35 GMT-0700 (Pacific Daylight Time)"
"dlindsay@spinefit.co","DR LINDSAY CHIROPRACTIC CORP","registry-358","2","sent","Thu Sep 25 2025 20:19:35 GMT-0700 (Pacific Daylight Time)"
"donnaskitcat@yahoo.ca","DONNA'S KITCHEN & CATERING","registry-359","1","sent","Thu Sep 25 2025 20:19:36 GMT-0700 (Pacific Daylight Time)"
"talscrap@telus.net","ALLEN'S SCRAP & SALVAGE (2021) LTD.","registry-362","1","sent","Thu Sep 25 2025 20:19:36 GMT-0700 (Pacific Daylight Time)"
"branchtaxteam@edwardjones.com","EDWARD JONES","registry-363","1","sent","Thu Sep 25 2025 20:19:36 GMT-0700 (Pacific Daylight Time)"
"geraldandshelly@gmail.com","Chippys Stump Removal","registry-364","1","sent","Thu Sep 25 2025 20:19:36 GMT-0700 (Pacific Daylight Time)"
"mail@bryantelectric.ca","BRYANT ELECTRIC LTD.","registry-365","1","sent","Thu Sep 25 2025 20:19:37 GMT-0700 (Pacific Daylight Time)"
"sdbergstrom1@gmail.com","FOUR HANDS BODY RENEWAL","registry-366","1","sent","Thu Sep 25 2025 20:19:37 GMT-0700 (Pacific Daylight Time)"
"lucy.powerflow@gmail.com","POWER FLOW ELECTRIC LTD","registry-367","1","sent","Thu Sep 25 2025 20:19:37 GMT-0700 (Pacific Daylight Time)"
"johnstonlittlefs@gmail.com","JOHNSTON LITTLE FOOD SERVICES INC.","registry-369","1","sent","Thu Sep 25 2025 20:19:37 GMT-0700 (Pacific Daylight Time)"
"mschefter@canadianhelicopters.com","CANADIAN HELICOPTERS LTD.","registry-370","1","sent","Thu Sep 25 2025 20:19:37 GMT-0700 (Pacific Daylight Time)"
"jazzaccountspayable@flyjazz.ca","JAZZ AVIATION LP","registry-371","1","sent","Thu Sep 25 2025 20:19:38 GMT-0700 (Pacific Daylight Time)"
"sonnyyoo@hotmail.com","CAFENARA LTD.","registry-372","1","sent","Thu Sep 25 2025 20:19:38 GMT-0700 (Pacific Daylight Time)"
"service@innovationautoworks.com","INNOVATION AUTOWORKS LTD","registry-373","1","sent","Thu Sep 25 2025 20:19:38 GMT-0700 (Pacific Daylight Time)"
"cooksprincerupert@citywest.ca","cooks jewellers","registry-374","1","sent","Thu Sep 25 2025 20:19:38 GMT-0700 (Pacific Daylight Time)"
"cindy.parent@pepsico.com","PEPSI BEVERAGES COMPANY","registry-375","1","sent","Thu Sep 25 2025 20:19:38 GMT-0700 (Pacific Daylight Time)"
"s.palmer@telus.net","S. PALMER CONSTRUCTION LTD.","registry-376","1","sent","Thu Sep 25 2025 20:19:38 GMT-0700 (Pacific Daylight Time)"
"dennis@citywest.ca","MAILLOUX CONTRACTING","registry-377","1","sent","Thu Sep 25 2025 20:19:39 GMT-0700 (Pacific Daylight Time)"
"greywolfhound@telus.net","GREYWOLFHOUND CONTRACTING","registry-378","1","sent","Thu Sep 25 2025 20:19:39 GMT-0700 (Pacific Daylight Time)"
"checkerspizza@gmail.com","CHECKERS PIZZA INC","registry-379","1","sent","Thu Sep 25 2025 20:19:39 GMT-0700 (Pacific Daylight Time)"
"ap@wicltd.com","WESTERN INDUSTRIAL CONTRACTORS LTD.","registry-380","1","sent","Thu Sep 25 2025 20:19:39 GMT-0700 (Pacific Daylight Time)"
"terracerupert@gmail.com","TERRACE BOTTLE & RETURN IT DEPOT","registry-381","1","sent","Thu Sep 25 2025 20:19:39 GMT-0700 (Pacific Daylight Time)"
"rob@syberscream.com","SYBERSCREAM","registry-384","1","sent","Thu Sep 25 2025 20:19:40 GMT-0700 (Pacific Daylight Time)"
"debbietaphouse60@gmail.com","NORTHERN E-CLIPS HAIRSTUDIO","registry-385","1","sent","Thu Sep 25 2025 20:19:40 GMT-0700 (Pacific Daylight Time)"
"accounting@speedycash.ca","Amaranth Financial Services Inc. DBA Speedy Cash","registry-387","1","sent","Thu Sep 25 2025 20:19:40 GMT-0700 (Pacific Daylight Time)"
"uplandsnursery@yahoo.ca","UPLANDS NURSERY Inc","registry-388","2","sent","Thu Sep 25 2025 20:19:40 GMT-0700 (Pacific Daylight Time)"
"kyoungjin.kang@staples.ca","STAPLES BUSINESS DEPOT #279","registry-389","1","sent","Thu Sep 25 2025 20:19:40 GMT-0700 (Pacific Daylight Time)"
"ragbirthandi@outlook.com","SUNSET DRIVING SCHOOL","registry-391","1","sent","Thu Sep 25 2025 20:19:41 GMT-0700 (Pacific Daylight Time)"
"terrace@nu-smile.ca","NU-SMILE ORTHODONTICS","registry-392","1","sent","Thu Sep 25 2025 20:19:41 GMT-0700 (Pacific Daylight Time)"
"brian_downie@telus.net","SPLIT MOUNTAIN ADVENTURES","registry-393","1","sent","Thu Sep 25 2025 20:19:41 GMT-0700 (Pacific Daylight Time)"
"drcandicegriffith@gmail.com","DR. CANDICE GRIFFITH ND","registry-394","2","sent","Thu Sep 25 2025 20:19:41 GMT-0700 (Pacific Daylight Time)"
"cvilness@cimsltd.com","CIMS LIMITED PARTNERSHIP","registry-395","1","sent","Thu Sep 25 2025 20:19:42 GMT-0700 (Pacific Daylight Time)"
"tony@ebycon.ca","EBY AND SONS CONSTRUCTION LTD.","registry-396","1","sent","Thu Sep 25 2025 20:19:42 GMT-0700 (Pacific Daylight Time)"
"hoffmana@bostonpizza.com","BIZZA ENTERPRISES LTD","registry-398","1","sent","Thu Sep 25 2025 20:19:42 GMT-0700 (Pacific Daylight Time)"
"heathermariermt@gmail.com","HEALTH AND MOTION MASSAGE THERAPY","registry-399","1","sent","Thu Sep 25 2025 20:19:42 GMT-0700 (Pacific Daylight Time)"
"lehmann2@telus.net","A-440 PIANO TUNING","registry-400","1","sent","Thu Sep 25 2025 20:19:42 GMT-0700 (Pacific Daylight Time)"
"skeena.valley.massage@telus.net","SKEENA VALLEY THERAPEUTIC MASSAGE CLINIC","registry-401","1","sent","Thu Sep 25 2025 20:19:43 GMT-0700 (Pacific Daylight Time)"
"atlantisskog@gmail.com","ATLANTIS TAEKWONDO","registry-402","1","sent","Thu Sep 25 2025 20:19:43 GMT-0700 (Pacific Daylight Time)"
"djmckayenterprises@gmail.com","DJ MCKAY ENTERPRISES LTD","registry-403","1","sent","Thu Sep 25 2025 20:19:43 GMT-0700 (Pacific Daylight Time)"
"drew_mackay@telus.net","EAGLE RIDGE FORESTRY LTD","registry-404","1","sent","Thu Sep 25 2025 20:19:49 GMT-0700 (Pacific Daylight Time)"
"twospottedhorses@hotmail.com","THE SPOTTED HORSE FARM & NURSERY","registry-405","1","sent","Thu Sep 25 2025 20:19:40 GMT-0700 (Pacific Daylight Time)"
"betsy.dennis@northpacforestry.com","NORTHPAC FORESTRY GROUP LTD.","registry-406","2","sent","Thu Sep 25 2025 20:19:41 GMT-0700 (Pacific Daylight Time)"
"adam@silvertipsigns.ca","SILVERTIP SIGNS","registry-407","1","sent","Thu Sep 25 2025 20:19:41 GMT-0700 (Pacific Daylight Time)"
"watertightguttersltd@gmail.com","WATERTIGHT GUTTERS LTD.","registry-408","1","sent","Thu Sep 25 2025 20:19:41 GMT-0700 (Pacific Daylight Time)"
"ldbsoadmin@bcldb.com","BCLS #052 TERRACE","registry-409","1","sent","Thu Sep 25 2025 20:19:41 GMT-0700 (Pacific Daylight Time)"
"val@raincatchergutters.ca","RAIN CATCHER GUTTERS INC","registry-410","1","sent","Thu Sep 25 2025 20:19:41 GMT-0700 (Pacific Daylight Time)"
"terrace@mrmikes.ca","MR MIKES STEAKHOUSE CASUAL","registry-411","1","sent","Thu Sep 25 2025 20:19:42 GMT-0700 (Pacific Daylight Time)"
"denis@favronheating.ca","FAVRON PROPANE SERVICES","registry-412","1","sent","Thu Sep 25 2025 20:19:42 GMT-0700 (Pacific Daylight Time)"
"schlenkeremmy@gmail.com","EMMY'S CATERING","registry-413","1","sent","Thu Sep 25 2025 20:19:42 GMT-0700 (Pacific Daylight Time)"
"chris@tcsiconsulting.ca","TCSI CONSULTING LTD","registry-414","1","sent","Thu Sep 25 2025 20:19:42 GMT-0700 (Pacific Daylight Time)"
"roybeckley@yahoo.ca","Beckley Built Homes","registry-415","1","sent","Thu Sep 25 2025 20:19:42 GMT-0700 (Pacific Daylight Time)"
"bperry50@citywest.ca","SCOTT'S JANITORIAL LTD","registry-416","1","sent","Thu Sep 25 2025 20:19:42 GMT-0700 (Pacific Daylight Time)"
"vancouverofficeservices@wsp.com","WSP CANADA INC.","registry-417","1","sent","Thu Sep 25 2025 20:19:43 GMT-0700 (Pacific Daylight Time)"
"makson1@telus.net","1503246 B.C. Ltd DBA EMJAY EXTINGUISHERS","registry-418","1","sent","Thu Sep 25 2025 20:19:43 GMT-0700 (Pacific Daylight Time)"
"rudonent@telus.net","RUDON HYDRAULICS LTD","registry-419","1","sent","Thu Sep 25 2025 20:19:43 GMT-0700 (Pacific Daylight Time)"
"help@mvcc2.com","MARIO'S VISION COMPUTER CONSULTING","registry-420","1","sent","Thu Sep 25 2025 20:19:43 GMT-0700 (Pacific Daylight Time)"
"amanda@kleanza.com","KLEANZA CONSULTING LTD","registry-421","1","sent","Thu Sep 25 2025 20:19:43 GMT-0700 (Pacific Daylight Time)"
"rharris@harrispalmer.ca","BAYVIEW FALLING LTD.","registry-423","1","sent","Thu Sep 25 2025 20:19:44 GMT-0700 (Pacific Daylight Time)"
"parmar21@telus.net","S. PARMAR & COMPANY","registry-424","1","sent","Thu Sep 25 2025 20:19:44 GMT-0700 (Pacific Daylight Time)"
"mikol.golob@linde.com","LINDE CANADA INC.","registry-426","1","sent","Thu Sep 25 2025 20:19:44 GMT-0700 (Pacific Daylight Time)"
"kevin@triplehbobcat.com","TRIPLE H BOBCAT LTD.","registry-427","1","sent","Thu Sep 25 2025 20:19:44 GMT-0700 (Pacific Daylight Time)"
"jennifer.ruchotzke@alsglobal.com","ALS CANADA","registry-428","1","sent","Thu Sep 25 2025 20:19:44 GMT-0700 (Pacific Daylight Time)"
"ttran733@hotmail.com","TERRACE BEAUTY NAIL SALON LTD","registry-429","1","sent","Thu Sep 25 2025 20:19:45 GMT-0700 (Pacific Daylight Time)"
"aj.roofing@hotmail.com","A&J ROOFING","registry-430","1","sent","Thu Sep 25 2025 20:19:45 GMT-0700 (Pacific Daylight Time)"
"jenfoster59@outlook.com","LITTLE SPROUTS FAMILY DAYCARE","registry-431","1","sent","Thu Sep 25 2025 20:19:45 GMT-0700 (Pacific Daylight Time)"
"tydon@citywest.ca","TYDON SAFETY CONSULTING INC","registry-432","1","sent","Thu Sep 25 2025 20:19:45 GMT-0700 (Pacific Daylight Time)"
"mannsonthego@gmail.com","TAR-RHONE CONTRACTING","registry-433","2","sent","Thu Sep 25 2025 20:19:45 GMT-0700 (Pacific Daylight Time)"
"qiusheng.crd@gmail.com","Canada Resurgence Developments Ltd.","registry-434","1","sent","Thu Sep 25 2025 20:19:45 GMT-0700 (Pacific Daylight Time)"
"terracetraction@gmail.com","BOW VALLEY MACHINE SHOP LIMITED","registry-435","1","sent","Thu Sep 25 2025 20:19:45 GMT-0700 (Pacific Daylight Time)"
"alex.crompton@securiguard.com","SECURIGUARD SERVICES LTD.","registry-436","1","sent","Thu Sep 25 2025 20:19:46 GMT-0700 (Pacific Daylight Time)"
"skeenavalleyresources@gmail.com","SKEENA VALLEY RESOURCES","registry-437","1","sent","Thu Sep 25 2025 20:19:46 GMT-0700 (Pacific Daylight Time)"
"doyourpart@citywest.ca","DO YOUR PART RECYCLING CO","registry-439","1","sent","Thu Sep 25 2025 20:19:46 GMT-0700 (Pacific Daylight Time)"
"lavy13@hotmail.com","L & S BUILDING MAINTENANCE","registry-441","1","sent","Thu Sep 25 2025 20:19:46 GMT-0700 (Pacific Daylight Time)"
"bernie.fortec@gmail.com","FORTEC CONSULTING LTD.","registry-442","1","sent","Thu Sep 25 2025 20:19:47 GMT-0700 (Pacific Daylight Time)"
"1cole@telus.net","NORCO SEPTIC SERVICE 2006 INC.","registry-443","1","sent","Thu Sep 25 2025 20:19:47 GMT-0700 (Pacific Daylight Time)"
"pauleves13@gmail.com","EASY RENT TENTS","registry-444","1","sent","Thu Sep 25 2025 20:19:47 GMT-0700 (Pacific Daylight Time)"
"jkcme@msn.com","KI POWER & POLE INC","registry-445","1","sent","Thu Sep 25 2025 20:19:47 GMT-0700 (Pacific Daylight Time)"
"gheenan@telus.net","HEENAN TREE SERVICE LTD","registry-446","1","sent","Thu Sep 25 2025 20:19:47 GMT-0700 (Pacific Daylight Time)"
"lisel@citywest.ca","ULTRA JANITORIAL","registry-447","1","sent","Thu Sep 25 2025 20:19:47 GMT-0700 (Pacific Daylight Time)"
"harman@cityfurniturecanada.com","1530868 BC LTD dba CITY FURNITURE & APPLIANCES","registry-448","1","sent","Thu Sep 25 2025 20:19:48 GMT-0700 (Pacific Daylight Time)"
"wrhiller@hotmail.com","WR HILLER Inc. dba STUDIO 3 SALON & SPA","registry-449","1","sent","Thu Sep 25 2025 20:19:48 GMT-0700 (Pacific Daylight Time)"
"mikesorochan@gmail.com","SOROCHAN WOOD & METAL","registry-450","1","sent","Thu Sep 25 2025 20:19:48 GMT-0700 (Pacific Daylight Time)"
"puretantra@outlook.com","CELESTIAL SINGING STUDIO","registry-451","2","sent","Thu Sep 25 2025 20:19:56 GMT-0700 (Pacific Daylight Time)"
"cedarwoodconsulting@gmail.com","CEDARWOOD CONSULTING","registry-452","1","sent","Thu Sep 25 2025 20:19:48 GMT-0700 (Pacific Daylight Time)"
"tngcont@telus.net","TONGUE AND GROOVE CONSTRUCTION","registry-453","1","sent","Thu Sep 25 2025 20:19:49 GMT-0700 (Pacific Daylight Time)"
"artinmotiondance@hotmail.com","ART IN MOTION DANCE & PERFORMING ARTS CENTRE","registry-454","1","sent","Thu Sep 25 2025 20:19:54 GMT-0700 (Pacific Daylight Time)"
"denis.starostin1@airliquide.com","INDEPENDENT RESPIRATORY SERVICES INC","registry-455","1","sent","Thu Sep 25 2025 20:19:46 GMT-0700 (Pacific Daylight Time)"
"djcontainerservices@gmail.com","D & J CONTAINER SERVICES LTD.","registry-456","1","sent","Thu Sep 25 2025 20:19:46 GMT-0700 (Pacific Daylight Time)"
"val@dawnesolutions.com","DAWNE BUSINESS SOLUTIONS INC","registry-457","1","sent","Thu Sep 25 2025 20:19:46 GMT-0700 (Pacific Daylight Time)"
"jamie@cs-co.ca","DHILLON JANITORIAL SERVICE LTD","registry-458","1","sent","Thu Sep 25 2025 20:19:46 GMT-0700 (Pacific Daylight Time)"
"sandraconlon@outlook.com","CONLON COUNSELLING & CONSULTING","registry-459","1","sent","Thu Sep 25 2025 20:19:46 GMT-0700 (Pacific Daylight Time)"
"seanb@terracechances.com","LUCKY DOLLAR BINGO PALACE LTD. dba CHANCES TERRACE","registry-460","4","sent","Thu Sep 25 2025 20:19:46 GMT-0700 (Pacific Daylight Time)"
"jung.terrace@gmail.com","JJ'S WOOD ART","registry-462","1","sent","Thu Sep 25 2025 20:19:47 GMT-0700 (Pacific Daylight Time)"
"kdavidson@gwequipment.com","NORS CONSTRUCTION EQUIPMENT CANADA GW,LTD.","registry-463","1","sent","Thu Sep 25 2025 20:19:47 GMT-0700 (Pacific Daylight Time)"
"alternativetax@citywest.ca","ALTERNATIVE TAX & BOOKKEEPING","registry-464","1","sent","Thu Sep 25 2025 20:19:47 GMT-0700 (Pacific Daylight Time)"
"actomanocy@telus.net","PREMIUM RENOVATION NORTHWEST","registry-466","1","sent","Thu Sep 25 2025 20:19:48 GMT-0700 (Pacific Daylight Time)"
"twyla@nufloorsterrace.ca","CONCEPT FLOOR & KITCHEN CENTRE dba NuFloors","registry-467","1","sent","Thu Sep 25 2025 20:19:48 GMT-0700 (Pacific Daylight Time)"
"bellreadmin@bell.ca","BEST BUY EXPRESS","registry-469","1","sent","Thu Sep 25 2025 20:19:48 GMT-0700 (Pacific Daylight Time)"
"mourningsdawn@telus.net","MOURNING'S DAWN COUNSELLING","registry-470","1","sent","Thu Sep 25 2025 20:19:48 GMT-0700 (Pacific Daylight Time)"
"safetysteven@gmail.co","SC SAFETY LTD","registry-471","1","sent","Thu Sep 25 2025 20:19:48 GMT-0700 (Pacific Daylight Time)"
"mabascal@efcaviation.ca","EXECUTIVE FLIGHT CENTRE FUEL SERVICES LTD.","registry-472","1","sent","Thu Sep 25 2025 20:19:48 GMT-0700 (Pacific Daylight Time)"
"businesslicensing@petvalu.com","Pet Valu Canada Inc.","registry-473","1","sent","Thu Sep 25 2025 20:19:49 GMT-0700 (Pacific Daylight Time)"
"kim@tlc.ms","TECHNOLOGY LINKED COMPUTERS INC.","registry-474","1","sent","Thu Sep 25 2025 20:19:49 GMT-0700 (Pacific Daylight Time)"
"klindsay@leigroup.ca","STRAIGHT UP DOORS AND WINDOWS","registry-475","1","sent","Thu Sep 25 2025 20:19:49 GMT-0700 (Pacific Daylight Time)"
"neo@citywest.ca","NORTHERN EYES OPTOMETRY","registry-476","1","sent","Thu Sep 25 2025 20:19:49 GMT-0700 (Pacific Daylight Time)"
"zurowski@agatlabs.com","AGAT LABORATORIES LTD.","registry-478","1","sent","Thu Sep 25 2025 20:19:49 GMT-0700 (Pacific Daylight Time)"
"ken@urscanada.com","UNIVERSAL RESTORATION SYSTEMS LTD","registry-479","1","sent","Thu Sep 25 2025 20:19:50 GMT-0700 (Pacific Daylight Time)"
"timklaassenlaw@telus.net","Klaassen Law Office","registry-480","1","sent","Thu Sep 25 2025 20:19:50 GMT-0700 (Pacific Daylight Time)"
"jfraser@makola.bc.ca","M'AKOLA HOUSING SOCIETY","registry-481","1","sent","Thu Sep 25 2025 20:19:50 GMT-0700 (Pacific Daylight Time)"
"birv@citywest.ca","BRAUN'S ISLAND CONTRACTING","registry-485","1","sent","Thu Sep 25 2025 20:19:51 GMT-0700 (Pacific Daylight Time)"
"primosch@telus.net","FREESTYLE FITNESS WITH STACEY","registry-486","1","sent","Thu Sep 25 2025 20:19:51 GMT-0700 (Pacific Daylight Time)"
"c.carsonconstruction@gmail.com","C. CARSON CONSTRUCTION","registry-487","1","sent","Thu Sep 25 2025 20:19:51 GMT-0700 (Pacific Daylight Time)"
"ian.swan@quantumhelicopters.ca","QUANTUM HELICOPTERS LTD.","registry-488","1","sent","Thu Sep 25 2025 20:19:51 GMT-0700 (Pacific Daylight Time)"
"steve@nassriversteelhead.com","NASS RIVER STEELHEAD COMPANY","registry-489","1","sent","Thu Sep 25 2025 20:19:51 GMT-0700 (Pacific Daylight Time)"
"scott@crackedglass.ca","SNK Riverfront Ventures Ltd","registry-490","1","sent","Thu Sep 25 2025 20:19:51 GMT-0700 (Pacific Daylight Time)"
"jenjls@hotmail.com","LITTLE TIMBERS FAMILY CHILDCARE","registry-491","1","sent","Thu Sep 25 2025 20:19:52 GMT-0700 (Pacific Daylight Time)"
"sbrook@vvgtruck.ca","First Truck Centre Inc DBA VELOCITY TRUCK CENTRES","registry-492","1","sent","Thu Sep 25 2025 20:19:52 GMT-0700 (Pacific Daylight Time)"
"allison@nwcounselling.ca","NORTHWEST COUNSELLING CENTRE LTD","registry-493","1","sent","Thu Sep 25 2025 20:19:52 GMT-0700 (Pacific Daylight Time)"
"redneckkitchen@hotmail.ca","REDNECK KITCHEN","registry-494","1","sent","Thu Sep 25 2025 20:19:52 GMT-0700 (Pacific Daylight Time)"
"caterpillarschildcare@outlook.com","CATERPILLARS CHILDCARE CENTER","registry-495","1","sent","Thu Sep 25 2025 20:19:52 GMT-0700 (Pacific Daylight Time)"
"acupunctureterrace@gmail.com","NOURISHING LIFE WELLNESS CLINIC","registry-497","1","sent","Thu Sep 25 2025 20:19:53 GMT-0700 (Pacific Daylight Time)"
"tfulljames@gmail.com","FULLJAMES GEN. CONT. LTD dba AMERISPEC INSPECTIONS","registry-498","1","sent","Thu Sep 25 2025 20:19:53 GMT-0700 (Pacific Daylight Time)"
"clunasdave@gmail.com","CLUNAS, DAVID J AND CLUNAS, WANDA C","registry-499","1","sent","Thu Sep 25 2025 20:19:53 GMT-0700 (Pacific Daylight Time)"
"thenortherntouch@icloud.com","COLLEEN ZITALA REGISTERED MASSAGE THERAPIST","registry-500","1","sent","Thu Sep 25 2025 20:19:53 GMT-0700 (Pacific Daylight Time)"
"financelead@flycma.com","CENTRAL MOUNTAIN AIR LTD","registry-501","1","sent","Thu Sep 25 2025 20:19:53 GMT-0700 (Pacific Daylight Time)"
"sixnine.enterprises@gmail.com","SIXNINE ENTERPRISES LTD","registry-502","1","sent","Thu Sep 25 2025 20:19:53 GMT-0700 (Pacific Daylight Time)"
"scott@scotechsystems.net","SPIRIT STONES LTD","registry-503","1","sent","Thu Sep 25 2025 20:19:54 GMT-0700 (Pacific Daylight Time)"
"kjpreece@telus.net","BARNEY'S PAINTING","registry-504","1","sent","Thu Sep 25 2025 20:20:00 GMT-0700 (Pacific Daylight Time)"
"ca_lease_admin@tjxcanada.ca","WINNERS MERCHANTS INT. L.P.","registry-506","1","sent","Thu Sep 25 2025 20:19:53 GMT-0700 (Pacific Daylight Time)"
"info@upstreamadventures.com","UPSTREAM ADVENTURES GUIDING SERVICES INC.","registry-507","2","sent","Thu Sep 25 2025 20:19:53 GMT-0700 (Pacific Daylight Time)"
"jamie@northwestfootcare.ca","NORTHWEST FOOT CARE","registry-510","1","sent","Thu Sep 25 2025 20:19:53 GMT-0700 (Pacific Daylight Time)"
"bangonconstruction8@gmail.com","BOC VENTURES","registry-512","1","sent","Thu Sep 25 2025 20:19:54 GMT-0700 (Pacific Daylight Time)"
"keithgeier@gmail.com","GEIER ELECTRIC","registry-513","1","sent","Thu Sep 25 2025 20:19:54 GMT-0700 (Pacific Daylight Time)"
"kangjatinder@hotmail.com","TERRACE ANIMAL HOSPITAL","registry-514","1","sent","Thu Sep 25 2025 20:19:54 GMT-0700 (Pacific Daylight Time)"
"jonandjeny@hotmail.com","J & J INSTALLATIONS","registry-515","1","sent","Thu Sep 25 2025 20:19:54 GMT-0700 (Pacific Daylight Time)"
"terraceexpressdelivery@gmail.com","Terrace Express Delivery","registry-516","1","sent","Thu Sep 25 2025 20:19:54 GMT-0700 (Pacific Daylight Time)"
"fgl.east@cantire.com","FGL SPORTS LTD.","registry-517","1","sent","Thu Sep 25 2025 20:19:54 GMT-0700 (Pacific Daylight Time)"
"info@1637.ca","NORTHERN BUSINESS MANAGEMENT SERVICES INC","registry-518","2","sent","Thu Sep 25 2025 20:19:54 GMT-0700 (Pacific Daylight Time)"
"xausaft@gmail.com","518235 BC LTD dba XAUSA FAMILY TRUST","registry-520","1","sent","Thu Sep 25 2025 20:19:55 GMT-0700 (Pacific Daylight Time)"
"craigkonst@hotmail.com","GREAT BEAR FOREST MANAGEMENT INC","registry-521","1","sent","Thu Sep 25 2025 20:19:55 GMT-0700 (Pacific Daylight Time)"
"madeleine@ardene.com","ARDEN HOLDINGS INC. dba ARDENE","registry-522","1","sent","Thu Sep 25 2025 20:19:55 GMT-0700 (Pacific Daylight Time)"
"unitedrentals@cscglobal.com","UNITED RENTALS OF CANADA, INC.","registry-523","1","sent","Thu Sep 25 2025 20:19:55 GMT-0700 (Pacific Daylight Time)"
"accountspayable@ecofishresearch.com","ECOFISH RESEARCH LTD.","registry-524","1","sent","Thu Sep 25 2025 20:19:55 GMT-0700 (Pacific Daylight Time)"
"justfoamitterrace@gmail.com","JUST FOAM IT","registry-525","1","sent","Thu Sep 25 2025 20:19:55 GMT-0700 (Pacific Daylight Time)"
"prioritymarc@gmail.com","PRIORITY VAC LTD","registry-527","1","sent","Thu Sep 25 2025 20:19:56 GMT-0700 (Pacific Daylight Time)"
"westjetcorp@bdplaw.com","WESTJET ENCORE LTD","registry-528","1","sent","Thu Sep 25 2025 20:19:56 GMT-0700 (Pacific Daylight Time)"
"chadbuhr123@gmail.com","CHAD BUHR CONTRACTING","registry-529","1","sent","Thu Sep 25 2025 20:19:56 GMT-0700 (Pacific Daylight Time)"
"haworthplumbing@hotmail.ca","HAWORTH PLUMBING","registry-530","1","sent","Thu Sep 25 2025 20:19:56 GMT-0700 (Pacific Daylight Time)"
"jason.hole@lafarge.com","LAFARGE CANADA INC.","registry-531","1","sent","Thu Sep 25 2025 20:19:56 GMT-0700 (Pacific Daylight Time)"
"philcanpro@gmail.com","PHILCAN PRO DRIVING SCHOOL LTD.","registry-532","1","sent","Thu Sep 25 2025 20:19:57 GMT-0700 (Pacific Daylight Time)"
"info@northernaltus.ca","NORTHERN ALTUS SERVICES LTD.","registry-533","1","sent","Thu Sep 25 2025 20:19:57 GMT-0700 (Pacific Daylight Time)"
"legal@dollarama.com","Dollarama #801","registry-534","1","sent","Thu Sep 25 2025 20:19:57 GMT-0700 (Pacific Daylight Time)"
"elizabeth@takuresort.com","NALABILA CREEK INVESTMENTS CORP. ("AMALCO")","registry-535","1","sent","Thu Sep 25 2025 20:19:57 GMT-0700 (Pacific Daylight Time)"
"4604lakelsebluefin@gmail.com","BLUE FIN SUSHI BAR","registry-536","1","sent","Thu Sep 25 2025 20:19:57 GMT-0700 (Pacific Daylight Time)"
"yuezhen@icloud.com","YUE SHENG ZHEN & XIAO CHUN LIU","registry-537","1","sent","Thu Sep 25 2025 20:19:57 GMT-0700 (Pacific Daylight Time)"
"ap@ncsg.com","NCSG CRANE & HEAVY HAUL SERVICES LTD.","registry-539","1","sent","Thu Sep 25 2025 20:19:58 GMT-0700 (Pacific Daylight Time)"
"dw.bjorgaard@citywest.ca","D. BJORGAARD ENTERPRISES","registry-540","1","sent","Thu Sep 25 2025 20:19:58 GMT-0700 (Pacific Daylight Time)"
"vu_hia_tran@yahoo.ca","HL NAILS SALON","registry-541","1","sent","Thu Sep 25 2025 20:19:58 GMT-0700 (Pacific Daylight Time)"
"skrug@comteksecurity.ca","COMTEK SECURITY SOLUTIONS LTD","registry-542","1","sent","Thu Sep 25 2025 20:19:58 GMT-0700 (Pacific Daylight Time)"
"carmen.patrao@atkinsrealis.com","AtkinsRalis Canada Inc.","registry-543","1","sent","Thu Sep 25 2025 20:19:58 GMT-0700 (Pacific Daylight Time)"
"grizzlyseiler@telus.net","SILVERTIP ECOTOURS Ltd","registry-544","1","sent","Thu Sep 25 2025 20:19:58 GMT-0700 (Pacific Daylight Time)"
"lancelemail@gmail.com","LANCE LOGGIN","registry-548","1","sent","Thu Sep 25 2025 20:19:59 GMT-0700 (Pacific Daylight Time)"
"info@ccbpublishing.com","CCB PUBLISHING","registry-549","1","sent","Thu Sep 25 2025 20:19:59 GMT-0700 (Pacific Daylight Time)"
"raeanne@timberbaron.ca","TIMBER BARON CONTRACTING (2013) LTD","registry-551","1","sent","Thu Sep 25 2025 20:20:00 GMT-0700 (Pacific Daylight Time)"
"optimumlawncaredesign@yahoo.ca","OPTIMUM LAWN CARE & DESIGN INC.","registry-552","1","sent","Thu Sep 25 2025 20:20:00 GMT-0700 (Pacific Daylight Time)"
"dogdaysinterrace@gmail.com","DOG DAYS SERVICES","registry-553","1","sent","Thu Sep 25 2025 20:20:00 GMT-0700 (Pacific Daylight Time)"
"evan.huisson@summithelicopters.ca","SUMMIT HELICOPTERS","registry-554","1","sent","Thu Sep 25 2025 20:20:05 GMT-0700 (Pacific Daylight Time)"
"leewardcounselling@gmail.com","LEEWARD COUNSELLING","registry-558","1","sent","Thu Sep 25 2025 20:19:57 GMT-0700 (Pacific Daylight Time)"
"birchmechanical@gmail.com","BIRCH MECHANICAL","registry-560","1","sent","Thu Sep 25 2025 20:19:57 GMT-0700 (Pacific Daylight Time)"
"brianrigler@gmail.com","REVOLUTION HEALTH & WELLNESS","registry-561","1","sent","Thu Sep 25 2025 20:19:57 GMT-0700 (Pacific Daylight Time)"
"artbeat.arttherapy.studio@gmail.com","ARTBEAT ART THERAPY STUDIO","registry-562","1","sent","Thu Sep 25 2025 20:19:57 GMT-0700 (Pacific Daylight Time)"
"tovachopbloc@gmail.com","YE OLDE CHOP BLOC","registry-563","1","sent","Thu Sep 25 2025 20:19:58 GMT-0700 (Pacific Daylight Time)"
"raincoastarboriculture@gmail.com","RAINCOAST ARBORICULTURE","registry-564","1","sent","Thu Sep 25 2025 20:19:58 GMT-0700 (Pacific Daylight Time)"
"actatransport2014@gmail.com","AFRICAN CANADIAN TRADE COMPANY INC.","registry-565","1","sent","Thu Sep 25 2025 20:19:58 GMT-0700 (Pacific Daylight Time)"
"theyogastudio.terrace@gmail.com","EVOLVE STUDIO","registry-566","1","sent","Thu Sep 25 2025 20:19:58 GMT-0700 (Pacific Daylight Time)"
"debbie.letawski@telus.net","ANTIQUES ARTISANS & ODDITIES","registry-567","1","sent","Thu Sep 25 2025 20:19:58 GMT-0700 (Pacific Daylight Time)"
"terri@canruss.com","CANRUSS MEDICAL & SAFETY","registry-568","1","sent","Thu Sep 25 2025 20:19:59 GMT-0700 (Pacific Daylight Time)"
"jesse@tdsystems.ca","T & D REFRIGERATION LTD.","registry-570","1","sent","Thu Sep 25 2025 20:19:59 GMT-0700 (Pacific Daylight Time)"
"ravenprints1@gmail.com","RAVEN PRINTS","registry-571","1","sent","Thu Sep 25 2025 20:19:59 GMT-0700 (Pacific Daylight Time)"
"dlivgard@me.com","DELCON CONSTRUCTION","registry-572","1","sent","Thu Sep 25 2025 20:19:59 GMT-0700 (Pacific Daylight Time)"
"admin@shamesmtn.ca","MY RECREATIONAL MOUNTAIN CO-OPERATIVE","registry-573","1","sent","Thu Sep 25 2025 20:19:59 GMT-0700 (Pacific Daylight Time)"
"erinn@sherwoodmountain.beer","SHERWOOD MOUNTAIN BBQ","registry-574","3","sent","Thu Sep 25 2025 20:20:05 GMT-0700 (Pacific Daylight Time)"
"aaron@redbikemedia.ca","Red Bike Media","registry-575","1","sent","Thu Sep 25 2025 20:20:00 GMT-0700 (Pacific Daylight Time)"
"altrenos91@gmail.com","ALTERNATIVE RENOVATIONS","registry-576","1","sent","Thu Sep 25 2025 20:20:00 GMT-0700 (Pacific Daylight Time)"
"manjinder71@hotmail.com","DHESI BROTHERS CONSTRUCTION LTD","registry-577","1","sent","Thu Sep 25 2025 20:20:00 GMT-0700 (Pacific Daylight Time)"
"accounts@hartman-electric.com","HARTMAN ELECTRIC LTD.","registry-578","1","sent","Thu Sep 25 2025 20:20:00 GMT-0700 (Pacific Daylight Time)"
"bob@okprojects.com","GLOBAL DEWATERING LTD.","registry-580","1","sent","Thu Sep 25 2025 20:20:01 GMT-0700 (Pacific Daylight Time)"
"gr81jas@hotmail.com","PARMAR DAYCARE","registry-581","1","sent","Thu Sep 25 2025 20:20:01 GMT-0700 (Pacific Daylight Time)"
"dave@bravocleaning.ca","BRAVO CLEANING SERVICES LTD","registry-582","1","sent","Thu Sep 25 2025 20:20:01 GMT-0700 (Pacific Daylight Time)"
"mercedestrigo1@gmail.com","GLOSS ESTHETICS","registry-583","1","sent","Thu Sep 25 2025 20:20:01 GMT-0700 (Pacific Daylight Time)"
"info@taigahealth.ca","TAIGA HEALTH: COUNSELLING, CONSULTING AND RESEARCH CORP.","registry-584","1","sent","Thu Sep 25 2025 20:20:01 GMT-0700 (Pacific Daylight Time)"
"info@nedcan.ca","NEDCAN CONSTRUCTION LTD.","registry-585","1","sent","Thu Sep 25 2025 20:20:01 GMT-0700 (Pacific Daylight Time)"
"quinlansafetyservices@gmail.com","QUINLAN'S SAFETY SERVICES LTD.","registry-586","1","sent","Thu Sep 25 2025 20:20:02 GMT-0700 (Pacific Daylight Time)"
"branch2128@goeasy.com","EASY FINANCIAL","registry-587","1","sent","Thu Sep 25 2025 20:20:02 GMT-0700 (Pacific Daylight Time)"
"roydenmacdonald@gmail.com","ROYDEN'S MECHANICAL LTD.","registry-588","1","sent","Thu Sep 25 2025 20:20:02 GMT-0700 (Pacific Daylight Time)"
"dirtrich@newhavenventures.ca","NEW HAVEN VENTURES","registry-589","1","sent","Thu Sep 25 2025 20:20:02 GMT-0700 (Pacific Daylight Time)"
"robhesse@me.com","HESSE PLUMBING & HEATING INC.","registry-590","1","sent","Thu Sep 25 2025 20:20:02 GMT-0700 (Pacific Daylight Time)"
"carolyn@northcoastmodularhomes.com","NORTH COAST MODULAR HOMES LTD.","registry-591","1","sent","Thu Sep 25 2025 20:20:02 GMT-0700 (Pacific Daylight Time)"
"ehernes1@yahoo.com","HERNES ENTERPRISES","registry-593","1","sent","Thu Sep 25 2025 20:20:03 GMT-0700 (Pacific Daylight Time)"
"admin@cmcsorg.ca","COAST MOUNTAIN CHILDREN SOCIETY","registry-595","1","sent","Thu Sep 25 2025 20:20:03 GMT-0700 (Pacific Daylight Time)"
"buttersalon4@gmail.com","BUTTER","registry-596","1","sent","Thu Sep 25 2025 20:20:03 GMT-0700 (Pacific Daylight Time)"
"paf8674@ppg.com","DULUX PAINTS (STORE 8674)","registry-597","1","sent","Thu Sep 25 2025 20:20:03 GMT-0700 (Pacific Daylight Time)"
"yanick.pharmasave@hotmail.com","PHARMASAVE #1110 Owned & Operated by: TERRACE LAKELSE PHARMACY INC.","registry-598","1","sent","Thu Sep 25 2025 20:20:04 GMT-0700 (Pacific Daylight Time)"
"accounts.payable@atlinco.com","DOMINO'S PIZZA","registry-599","1","sent","Thu Sep 25 2025 20:20:04 GMT-0700 (Pacific Daylight Time)"
"steve.pereira32@gmail.com","STEVE PEREIRA PRODUCTIONS","registry-600","1","sent","Thu Sep 25 2025 20:20:04 GMT-0700 (Pacific Daylight Time)"
"lschrum@simmax.com","SIMSON-MAXWELL","registry-601","1","sent","Thu Sep 25 2025 20:20:04 GMT-0700 (Pacific Daylight Time)"
"matthew.kenny@stantec.com","STANTEC CONSULTING LTD.","registry-602","1","sent","Thu Sep 25 2025 20:20:04 GMT-0700 (Pacific Daylight Time)"
"kathleen.finnie@citywest.ca","Kathleen's Grill","registry-603","1","sent","Thu Sep 25 2025 20:20:04 GMT-0700 (Pacific Daylight Time)"
"nortonlloyd@hotmail.com","AND THE WIENER IS ...","registry-604","1","sent","Thu Sep 25 2025 20:20:13 GMT-0700 (Pacific Daylight Time)"
"drrigler@revolutionhealthandwellness.com","REVOLUTION HEALTH & WELLNESS","registry-605","1","sent","Thu Sep 25 2025 20:20:04 GMT-0700 (Pacific Daylight Time)"
"toni@kitselasdevcorp.ca","KITSELAS DEVELOPMENT LIMITED PARTNERSHIP","registry-606","1","sent","Thu Sep 25 2025 20:20:04 GMT-0700 (Pacific Daylight Time)"
"info@scaifesigns.ca","SCAIFE SIGNS LTD.","registry-607","1","sent","Thu Sep 25 2025 20:20:04 GMT-0700 (Pacific Daylight Time)"
"terraceministorage@gmail.com","TERRACE MINI STORAGE","registry-608","1","sent","Thu Sep 25 2025 20:20:04 GMT-0700 (Pacific Daylight Time)"
"llstella@telus.net","LAWRENCE STELLA CONTRACTING","registry-609","1","sent","Thu Sep 25 2025 20:20:04 GMT-0700 (Pacific Daylight Time)"
"micheldubytz@gmail.com","DUBYTZ CONTRACTING","registry-611","1","sent","Thu Sep 25 2025 20:20:05 GMT-0700 (Pacific Daylight Time)"
"rajugill1@hotmail.com","PERFECT THREADING","registry-612","1","sent","Thu Sep 25 2025 20:20:05 GMT-0700 (Pacific Daylight Time)"
"payables@sheret.com","ANDREW SHERET HOLDINGS LTD.","registry-613","1","sent","Thu Sep 25 2025 20:20:05 GMT-0700 (Pacific Daylight Time)"
"jjelev@nbccontracting.ca","NBC CONTRACTING","registry-614","1","sent","Thu Sep 25 2025 20:20:05 GMT-0700 (Pacific Daylight Time)"
"accounts.payable@axismountain.ca","AXIS MOUNTAIN TECHNICAL INC","registry-615","1","sent","Thu Sep 25 2025 20:20:05 GMT-0700 (Pacific Daylight Time)"
"ehw.believe@gmail.com","Effervescent Health and Wellness","registry-616","1","sent","Thu Sep 25 2025 20:20:06 GMT-0700 (Pacific Daylight Time)"
"financegcoc@gmail.com","GREAT CANADIAN OIL CHANGE","registry-617","1","sent","Thu Sep 25 2025 20:20:06 GMT-0700 (Pacific Daylight Time)"
"ali.mh073@gmail.com","TERRACE TRAILER COURT","registry-618","1","sent","Thu Sep 25 2025 20:20:06 GMT-0700 (Pacific Daylight Time)"
"beewong.md@gmail.com","DR. BEATRICE ADANTE INC","registry-619","1","sent","Thu Sep 25 2025 20:20:06 GMT-0700 (Pacific Daylight Time)"
"gwwood2000@gmail.com","0986305 B.C. LTD.","registry-620","1","sent","Thu Sep 25 2025 20:20:06 GMT-0700 (Pacific Daylight Time)"
"joescustomwelding@gmail.com","Joe's Custom Welding","registry-622","1","sent","Thu Sep 25 2025 20:20:07 GMT-0700 (Pacific Daylight Time)"
"lijo.michael@gmail.com","DISH & DINE","registry-623","1","sent","Thu Sep 25 2025 20:20:07 GMT-0700 (Pacific Daylight Time)"
"bdcannabisstore@gmail.com","BD CANNABIS","registry-624","1","sent","Thu Sep 25 2025 20:20:07 GMT-0700 (Pacific Daylight Time)"
"lisa@eliterestoration.ca","ELITE FLOOD & FIRE RESTORATION LTD.","registry-625","1","sent","Thu Sep 25 2025 20:20:07 GMT-0700 (Pacific Daylight Time)"
"ianpick421@hotmail.com","A-LINE PLUMBING & GAS","registry-626","1","sent","Thu Sep 25 2025 20:20:08 GMT-0700 (Pacific Daylight Time)"
"chriss@diversified.pwt.ca","STANDARD BUS CONTRACTING","registry-627","1","sent","Thu Sep 25 2025 20:20:08 GMT-0700 (Pacific Daylight Time)"
"casey_electric@hotmail.com","CASEY ELECTRIC","registry-628","1","sent","Thu Sep 25 2025 20:20:08 GMT-0700 (Pacific Daylight Time)"
"info@justinberrycontracting.com","JUSTIN BERRY CONTRACTING LTD.","registry-629","1","sent","Thu Sep 25 2025 20:20:08 GMT-0700 (Pacific Daylight Time)"
"bgpritchard1@gmail.com","GWYN & BLAIR IT VENTURES","registry-630","1","sent","Thu Sep 25 2025 20:20:08 GMT-0700 (Pacific Daylight Time)"
"systerritt@telusplanet.net","SY'S CARPET & VINYL FLOOR INSTALLATIONS","registry-631","1","sent","Thu Sep 25 2025 20:20:08 GMT-0700 (Pacific Daylight Time)"
"mshin@pcl.com","PCL CONSTRUCTORS WESTCOAST INC.","registry-632","1","sent","Thu Sep 25 2025 20:20:09 GMT-0700 (Pacific Daylight Time)"
"kkh0704@hotmail.com","NINJA JAPANESE AND KOREAN CUISINE","registry-633","1","sent","Thu Sep 25 2025 20:20:09 GMT-0700 (Pacific Daylight Time)"
"jk@swiftriverconstruction.ca","Swift River Construction Limited","registry-634","1","sent","Thu Sep 25 2025 20:20:09 GMT-0700 (Pacific Daylight Time)"
"lts.businesslicenses@ledcor.com","LTS BUILD SERVICES LTD","registry-635","1","sent","Thu Sep 25 2025 20:20:09 GMT-0700 (Pacific Daylight Time)"
"accounting@anrconstruction.ca","ANR CONSTRUCTION LTD.","registry-636","1","sent","Thu Sep 25 2025 20:20:09 GMT-0700 (Pacific Daylight Time)"
"raybulleid@hotmail.com","WHITE RAVEN VENTURES LTD.","registry-637","1","sent","Thu Sep 25 2025 20:20:09 GMT-0700 (Pacific Daylight Time)"
"masonjarstudio@outlook.com","MASON JAR STUDIO","registry-638","1","sent","Thu Sep 25 2025 20:20:10 GMT-0700 (Pacific Daylight Time)"
"gm-canada@7-11.com","7-ELEVEN (CANADA) STORE #37319H)","registry-639","1","sent","Thu Sep 25 2025 20:20:10 GMT-0700 (Pacific Daylight Time)"
"ap@mills.ca","MILLS PRINTING AND STATIONERY CO. LTD. dba MILLS OFFICE PRODUCTIVITY","registry-640","2","sent","Thu Sep 25 2025 20:20:10 GMT-0700 (Pacific Daylight Time)"
"broomeventures@hotmail.com","BROOME VENTURES LTD.","registry-642","1","sent","Thu Sep 25 2025 20:20:10 GMT-0700 (Pacific Daylight Time)"
"hcsmithservices@yahoo.ca","HC SMITH SERVICES LTD.","registry-643","1","sent","Thu Sep 25 2025 20:20:11 GMT-0700 (Pacific Daylight Time)"
"spiritbearexpress@gmail.com","SPIRIT BEAR EXPRESS CO.","registry-644","1","sent","Thu Sep 25 2025 20:20:11 GMT-0700 (Pacific Daylight Time)"
"dwaynelutz101@gmail.com","639517 B.C. LTD. DBA CLEAN FLOORS","registry-646","1","sent","Thu Sep 25 2025 20:20:11 GMT-0700 (Pacific Daylight Time)"
"kat@westcodesigns.ca","WESTCO DESIGNS","registry-647","1","sent","Thu Sep 25 2025 20:20:11 GMT-0700 (Pacific Daylight Time)"
"accounts@safetcore.ca","SAFE-T CORE TRAINING & TESTING LTD.","registry-648","1","sent","Thu Sep 25 2025 20:20:11 GMT-0700 (Pacific Daylight Time)"
"mark@redphoenixelectric.ca","RED PHOENIX ELECTRIC LTD","registry-649","1","sent","Thu Sep 25 2025 20:20:12 GMT-0700 (Pacific Daylight Time)"
"epicbrandsdawson@gmail.com","EPIC CLOTHING","registry-650","1","sent","Thu Sep 25 2025 20:20:12 GMT-0700 (Pacific Daylight Time)"
"susan.viveiros@telus.net","THREE SUNS CONSULTING","registry-651","1","sent","Thu Sep 25 2025 20:20:12 GMT-0700 (Pacific Daylight Time)"
"theconshredco@gmail.com","NORTHERN CONFIDENTIAL SHREDDING COMPANY CORPORATION","registry-652","1","sent","Thu Sep 25 2025 20:20:12 GMT-0700 (Pacific Daylight Time)"
"aniedi.dear@gmail.com","DR. ANIEDI DEAR INC.","registry-653","1","sent","Thu Sep 25 2025 20:20:12 GMT-0700 (Pacific Daylight Time)"
"mwilkins@overlandwest.ca","OVERLAND WEST FREIGHTLINES LTD.","registry-654","1","sent","Thu Sep 25 2025 20:20:16 GMT-0700 (Pacific Daylight Time)"
"lazelle-mall@outlook.com","645999 B.C. LTD.","registry-655","1","sent","Thu Sep 25 2025 20:20:07 GMT-0700 (Pacific Daylight Time)"
"mundhenka@gmail.com","DR. ARIANE MUNDHENK INC. ","registry-656","1","sent","Thu Sep 25 2025 20:20:08 GMT-0700 (Pacific Daylight Time)"
"reposeterrace@gmail.com","REPOSE - MASSAGE","registry-657","1","sent","Thu Sep 25 2025 20:20:08 GMT-0700 (Pacific Daylight Time)"
"purelycabinets@telus.net","PURELY CABINETS","registry-658","1","sent","Thu Sep 25 2025 20:20:08 GMT-0700 (Pacific Daylight Time)"
"gm@terracecomfortinn.com","COMFORT INN & SUITES TERRACE","registry-659","1","sent","Thu Sep 25 2025 20:20:08 GMT-0700 (Pacific Daylight Time)"
"evan_palahicky@hotmail.com","EVAN PALAHICKY dba A & E ELECTRIC","registry-660","1","sent","Thu Sep 25 2025 20:20:08 GMT-0700 (Pacific Daylight Time)"
"brucksmd@gmail.com","DR. MATTHEW BRUCKS INC.","registry-661","1","sent","Thu Sep 25 2025 20:20:08 GMT-0700 (Pacific Daylight Time)"
"monikachopra9271@gmail.com","TANDOORI KABABS","registry-663","1","sent","Thu Sep 25 2025 20:20:09 GMT-0700 (Pacific Daylight Time)"
"leah@willowcreekconsulting.com","WILLOW CREEK HOLDINGS INC dba CHILL SODA SHOP","registry-665","1","sent","Thu Sep 25 2025 20:20:09 GMT-0700 (Pacific Daylight Time)"
"josil_posadas@yahoo.com","LOLA'S FILIPINO BISTRO","registry-666","1","sent","Thu Sep 25 2025 20:20:09 GMT-0700 (Pacific Daylight Time)"
"michelle@terracenotary.ca","Michelle Hay Notary Public Inc.","registry-667","1","sent","Thu Sep 25 2025 20:20:09 GMT-0700 (Pacific Daylight Time)"
"info.glow.boutique@gmail.com","GB Consignment LTD DBA Glow Boutique","registry-668","1","sent","Thu Sep 25 2025 20:20:10 GMT-0700 (Pacific Daylight Time)"
"brook.rema@anytimefitness.com","ANYTIME FITNESS (OWNED BY: site2gym BC LTD)","registry-669","1","sent","Thu Sep 25 2025 20:20:10 GMT-0700 (Pacific Daylight Time)"
"office@graydonelectrical.ca","GRAYDON ELECTRICAL CONTRACTING LTD.","registry-670","1","sent","Thu Sep 25 2025 20:20:10 GMT-0700 (Pacific Daylight Time)"
"omwdelivery@hotmail.com","ON MY WAY! DELIVERY AND SHUTTLE","registry-671","1","sent","Thu Sep 25 2025 20:20:10 GMT-0700 (Pacific Daylight Time)"
"jeanette@andres1.com","ANDRES ELECTRONIC EXPERTS","registry-672","2","sent","Thu Sep 25 2025 20:20:10 GMT-0700 (Pacific Daylight Time)"
"maxxedout@telus.net","MAXXED OUT CROSS TRAINING","registry-673","1","sent","Thu Sep 25 2025 20:20:10 GMT-0700 (Pacific Daylight Time)"
"laur66@telus.net","HARMONY HANDS ENERGY HEALING","registry-674","1","sent","Thu Sep 25 2025 20:20:11 GMT-0700 (Pacific Daylight Time)"
"sspringer@citywest.ca","NORTHERN WAY COUNSELLING","registry-675","1","sent","Thu Sep 25 2025 20:20:11 GMT-0700 (Pacific Daylight Time)"
"sww93@hotmail.com","RED KEY COACHIING","registry-676","1","sent","Thu Sep 25 2025 20:20:11 GMT-0700 (Pacific Daylight Time)"
"alvineichhorst@hotmail.com","MAS-ROCK INDUSTRIES LTD.","registry-677","1","sent","Thu Sep 25 2025 20:20:11 GMT-0700 (Pacific Daylight Time)"
"jllegros@icloud.com","BUMBLE BEES & BUTTERFLIES CHILDCARE","registry-678","1","sent","Thu Sep 25 2025 20:20:11 GMT-0700 (Pacific Daylight Time)"
"splashtosparkle@gmail.com","SPLASH TO SPARKLE DETAILING","registry-679","1","sent","Thu Sep 25 2025 20:20:11 GMT-0700 (Pacific Daylight Time)"
"mikemcbike1@gmail.com","FEELING GOOD INSTITUTE CANADA","registry-681","1","sent","Thu Sep 25 2025 20:20:12 GMT-0700 (Pacific Daylight Time)"
"jack@cmsb.ca","Karma Training","registry-683","1","sent","Thu Sep 25 2025 20:20:12 GMT-0700 (Pacific Daylight Time)"
"john.t.smyth@hotmail.com","DAGGER MECHANICAL","registry-685","1","sent","Thu Sep 25 2025 20:20:12 GMT-0700 (Pacific Daylight Time)"
"skinlaserckyn@gmail.com","SKIN LASER BY CKYN","registry-686","1","sent","Thu Sep 25 2025 20:20:13 GMT-0700 (Pacific Daylight Time)"
"shelleyl@pwtransit.ca","PW TRANSIT CANADA LTD.","registry-687","1","sent","Thu Sep 25 2025 20:20:13 GMT-0700 (Pacific Daylight Time)"
"tomradekventures@outlook.com","TOM RADEK VENTURES","registry-688","1","sent","Thu Sep 25 2025 20:20:13 GMT-0700 (Pacific Daylight Time)"
"admin@reltek.ca","RELTEK INDUSTRIES INC.","registry-689","1","sent","Thu Sep 25 2025 20:20:13 GMT-0700 (Pacific Daylight Time)"
"bamstutz@theuniversalgroup.ca","ALLIANCE TRAFFIC GROUP INC.","registry-690","1","sent","Thu Sep 25 2025 20:20:13 GMT-0700 (Pacific Daylight Time)"
"sfinch@idlprojects.com","IDL PROJECTS INC.","registry-691","1","sent","Thu Sep 25 2025 20:20:14 GMT-0700 (Pacific Daylight Time)"
"rapier@telus.net","NEW AGE INSIGHTS","registry-692","1","sent","Thu Sep 25 2025 20:20:14 GMT-0700 (Pacific Daylight Time)"
"esofia.koziol@gmail.com","ALL NORTH JANITORIAL SERVICES","registry-693","1","sent","Thu Sep 25 2025 20:20:14 GMT-0700 (Pacific Daylight Time)"
"foreveryoungtherapyservices@outlook.com","FOREVER YOUNG THERAPY SERVICES","registry-694","1","sent","Thu Sep 25 2025 20:20:14 GMT-0700 (Pacific Daylight Time)"
"leah@chatawaycounselling.ca","CHATAWAY COUNSELLING SERVICES","registry-695","1","sent","Thu Sep 25 2025 20:20:14 GMT-0700 (Pacific Daylight Time)"
"karla.walker@tranqsleep.com","NORTHERN BC SLEEP CENTRE","registry-696","1","sent","Thu Sep 25 2025 20:20:14 GMT-0700 (Pacific Daylight Time)"
"stable.ent.ltd@gmail.com","KERMODEI STORAGE","registry-698","1","sent","Thu Sep 25 2025 20:20:15 GMT-0700 (Pacific Daylight Time)"
"david.kwok@msalabs.com","MSALABS INC.","registry-699","1","sent","Thu Sep 25 2025 20:20:15 GMT-0700 (Pacific Daylight Time)"
"c.hecker@yahoo.ca","PHOTO - HECKER","registry-700","1","sent","Thu Sep 25 2025 20:20:15 GMT-0700 (Pacific Daylight Time)"
"bwight@telus.net","TOM WIGHT CONTRACTING","registry-701","1","sent","Thu Sep 25 2025 20:20:15 GMT-0700 (Pacific Daylight Time)"
"barbershopgirl2017@gmail.com","Hair Nationz Barberz","registry-702","1","sent","Thu Sep 25 2025 20:20:15 GMT-0700 (Pacific Daylight Time)"
"businesslicenses@houle.ca","HOULE ELECTRIC LTD.","registry-703","1","sent","Thu Sep 25 2025 20:20:15 GMT-0700 (Pacific Daylight Time)"
"mb_electric@gmx.com","MB ELECTRIC","registry-705","1","sent","Thu Sep 25 2025 20:20:18 GMT-0700 (Pacific Daylight Time)"
"mrobinson@metrotesting.ca","METRO TESTING & ENGINEERING LTD.","registry-707","1","sent","Thu Sep 25 2025 20:20:19 GMT-0700 (Pacific Daylight Time)"
"bclayton@tcsinfo.ca","THOMPSON COMMUNITY SERVICES INC","registry-708","1","sent","Thu Sep 25 2025 20:20:19 GMT-0700 (Pacific Daylight Time)"
"drugbekile@gmail.com","DR. ROBERTS UGBEKILE","registry-710","1","sent","Thu Sep 25 2025 20:20:19 GMT-0700 (Pacific Daylight Time)"
"permits@dbitransport.com","D.B.I. DRY-BLAST INC.","registry-711","1","sent","Thu Sep 25 2025 20:20:19 GMT-0700 (Pacific Daylight Time)"